map,seed,pose_id,start_pose,fault,verdict,completion,completion_kind,scenario_class,lap_count,failure_reason,first_stop_reason,collision_count,progress_m,distance_travelled_m,minimum_perimeter_sampled_clearance_m,perimeter_max_sample_gap_m,requested_speed_min_mps,requested_speed_max_mps,applied_speed_min_mps,applied_speed_max_mps,requested_steering_min_rad,requested_steering_max_rad,applied_steering_min_rad,applied_steering_max_rad,fault_start_s,first_obstacle_detection_s,first_stop_request_s,time_from_obstacle_detection_to_stop_request_s,time_from_obstacle_detection_to_zero_applied_s,time_from_stop_request_to_zero_applied_s,distance_after_stop_request_m,time_to_zero_request_s,time_to_zero_applied_s,simulated_stop_distance_m,steps,gym_step_rate_hz,configured_scan_request_rate_hz,scan_event_count,controller_update_count,request_publish_count,observed_controller_update_rate_hz,observed_request_publish_rate_hz
continuous_wall_30in,101,near_wall_heading_left,"[1.0, 1.848, 0.05]",,PASS,True,corridor_traversal,corridor_traversal,0,,,0,6.267916202545166,6.268169485114768,0.0737381147259144,0.02,0.0,0.37999994176686636,0.0,0.37999994176686636,-0.06853914963450919,0.05026039751349203,-0.06853914963450919,0.05026039751349203,19.23,,,,,,,0.030000000000210747,0.2600000000002467,0.0655794351728698,1955,100,20,391,385,391,19.69309462915601,20.0
continuous_wall_30in,101,nominal,"[1.0, 1.873, 0.0]",,PASS,True,corridor_traversal,corridor_traversal,0,,,0,6.27458381652832,6.27458959707275,0.10092934254812591,0.02,0.0,0.37999514373171184,0.0,0.37999514373171184,-0.010773606007490492,0.015778783891888987,-0.010773606007490492,0.015778783891888987,19.17,,,,,,,0.04000000000020165,0.2700000000002376,0.0695476993033477,1950,100,20,390,384,390,19.692307692307693,20.0
continuous_wall_30in,101,far_wall_heading_right,"[1.0, 1.898, -0.05]",,PASS,True,corridor_traversal,corridor_traversal,0,,,0,6.273670673370361,6.274034410515342,0.09733740762636378,0.02,0.0,0.37999626119634244,0.0,0.37999626119634244,-0.005593843948832254,0.034019154924610565,-0.005593843948832254,0.034019154924610565,19.27,,,,,,,0.040000000000219416,0.27000000000025537,0.06949095908845049,1960,100,20,392,386,392,19.693877551020407,20.0
continuous_wall_30in,102,near_wall_heading_left,"[1.0, 1.848, 0.05]",,PASS,True,corridor_traversal,corridor_traversal,0,,,0,6.266221523284912,6.266488292961076,0.0737381147259144,0.02,0.0,0.37999548105777825,0.0,0.37999548105777825,-0.058076760109118,0.03817929120969758,-0.058076760109118,0.03817929120969758,19.240000000000002,,,,,,,0.020000000000209184,0.25000000000024514,0.0617656708511225,1955,100,20,391,385,391,19.69309462915601,20.0
continuous_wall_30in,102,nominal,"[1.0, 1.873, 0.0]",,PASS,True,corridor_traversal,corridor_traversal,0,,,0,6.274238586425781,6.274245127372616,0.10050974669859136,0.02,0.0,0.3799897072152421,0.0,0.3799897072152421,-0.010352732249348382,0.018556857494437654,-0.010352732249348382,0.018556857494437654,19.17,,,,,,,0.04000000000020165,0.2700000000002376,0.0695272012421162,1950,100,20,390,384,390,19.692307692307693,20.0
continuous_wall_30in,102,far_wall_heading_right,"[1.0, 1.898, -0.05]",,PASS,True,corridor_traversal,corridor_traversal,0,,,0,6.2727437019348145,6.273113951905609,0.09763124172316195,0.02,0.0,0.3799997323623273,0.0,0.3799997323623273,-0.005232772754632855,0.03364823270843452,-0.005232772754632855,0.03364823270843452,19.27,,,,,,,0.040000000000219416,0.27000000000025537,0.06954483945224066,1960,100,20,392,386,392,19.693877551020407,20.0
continuous_wall_30in,103,near_wall_heading_left,"[1.0, 1.848, 0.05]",,PASS,True,corridor_traversal,corridor_traversal,0,,,0,6.2755255699157715,6.275790635134955,0.0737381147259144,0.02,0.0,0.3799978435856794,0.0,0.3799978435856794,-0.04538343492243093,0.012721216328882835,-0.04538343492243093,0.012721216328882835,19.26,,,,,,,0.050000000000217426,0.2800000000002534,0.07332473547015539,1960,100,20,392,386,392,19.693877551020407,20.0
continuous_wall_30in,103,nominal,"[1.0, 1.873, 0.0]",,PASS,True,corridor_traversal,corridor_traversal,0,,,0,6.2736616134643555,6.273672812494759,0.09905808167647656,0.02,0.0,0.37999039056994893,0.0,0.37999039056994893,-0.010236672645667078,0.023258870689839128,-0.010236672645667078,0.023258870689839128,19.17,,,,,,,0.04000000000020165,0.2700000000002376,0.06942415802828883,1950,100,20,390,384,390,19.692307692307693,20.0
continuous_wall_30in,103,far_wall_heading_right,"[1.0, 1.898, -0.05]",,PASS,True,corridor_traversal,corridor_traversal,0,,,0,6.264256954193115,6.264623477126837,0.09609462321345963,0.02,0.0,0.3799975171464684,0.0,0.3799975171464684,-0.04327076549135955,0.07503272706952994,-0.04327076549135955,0.07503272706952994,19.240000000000002,,,,,,,0.020000000000209184,0.25000000000024514,0.061872491416230524,1955,100,20,391,385,391,19.69309462915601,20.0
continuous_wall_30in,104,near_wall_heading_left,"[1.0, 1.848, 0.05]",,PASS,True,corridor_traversal,corridor_traversal,0,,,0,6.269930839538574,6.270190082932587,0.0737381147259144,0.02,0.0,0.3799948512975889,0.0,0.3799948512975889,-0.04505451132046198,0.00954751188135967,-0.04505451132046198,0.00954751188135967,19.23,,,,,,,0.030000000000210747,0.2600000000002467,0.06566718173616248,1955,100,20,391,385,391,19.69309462915601,20.0
continuous_wall_30in,104,nominal,"[1.0, 1.873, 0.0]",,PASS,True,corridor_traversal,corridor_traversal,0,,,0,6.270107269287109,6.270121401880081,0.09814250474205766,0.02,0.0,0.37999657099904366,0.0,0.37999657099904366,-0.01028569696439115,0.029309466942925327,-0.01028569696439115,0.029309466942925327,19.18,,,,,,,0.03000000000020364,0.2600000000002396,0.06553507102218425,1950,100,20,390,384,390,19.692307692307693,20.0
continuous_wall_30in,104,far_wall_heading_right,"[1.0, 1.898, -0.05]",,PASS,True,corridor_traversal,corridor_traversal,0,,,0,6.273960113525391,6.274324625303058,0.09723210985320052,0.02,0.0,0.3799976449961452,0.0,0.3799976449961452,-0.005376652556097904,0.03390285519654058,-0.005376652556097904,0.03390285519654058,19.27,,,,,,,0.040000000000219416,0.27000000000025537,0.06919146768564222,1960,100,20,392,386,392,19.693877551020407,20.0
continuous_wall_30in,105,near_wall_heading_left,"[1.0, 1.848, 0.05]",,PASS,True,corridor_traversal,corridor_traversal,0,,,0,6.277398109436035,6.277662262642249,0.0737381147259144,0.02,0.0,0.37999399003177914,0.0,0.37999399003177914,-0.045066252409268814,0.006858777599793012,-0.045066252409268814,0.006858777599793012,19.26,,,,,,,0.050000000000217426,0.2800000000002534,0.07325605019615633,1960,100,20,392,386,392,19.693877551020407,20.0
continuous_wall_30in,105,nominal,"[1.0, 1.873, 0.0]",,PASS,True,corridor_traversal,corridor_traversal,0,,,0,6.272989273071289,6.272997404717707,0.0999410999397723,0.02,0.0,0.3799984720072709,0.0,0.3799984720072709,-0.010240537953876395,0.020629262153566585,-0.010240537953876395,0.020629262153566585,19.17,,,,,,,0.04000000000020165,0.2700000000002376,0.0695167164702255,1950,100,20,390,384,390,19.692307692307693,20.0
continuous_wall_30in,105,far_wall_heading_right,"[1.0, 1.898, -0.05]",,PASS,True,corridor_traversal,corridor_traversal,0,,,0,6.270623683929443,6.2710031810738975,0.0959252609887924,0.02,0.0,0.3799901028063077,0.0,0.3799901028063077,-0.008808930792325424,0.03525219911701444,-0.008808930792325424,0.03525219911701444,19.28,,,,,,,0.030000000000217852,0.2600000000002538,0.0656404507332411,1960,100,20,392,386,392,19.693877551020407,20.0
continuous_wall_20in,101,near_wall_heading_left,"[1.0, 1.975, 0.05]",,PASS,True,corridor_traversal,corridor_traversal,0,,,0,6.269858360290527,6.270172424311695,0.07373808897670786,0.02,0.0,0.37998994625101035,0.0,0.37998994625101035,-0.038029123532201115,0.0030122099016217157,-0.038029123532201115,0.0030122099016217157,17.080000000000002,,,,,,,0.02999999999987324,0.2599999999999092,0.06557083268938779,1740,100,20,348,342,348,19.6551724137931,19.999999999999996
continuous_wall_20in,101,nominal,"[1.0, 2.0, 0.0]",,PASS,True,corridor_traversal,corridor_traversal,0,,,0,6.277528762817383,6.2775298676465,0.10499020930011715,0.02,0.0,0.37999828230717275,0.0,0.37999828230717275,-0.0029814484548524984,0.003369907925358761,-0.0029814484548524984,0.003369907925358761,17.01,,,,,,,0.04999999999986571,0.27999999999990166,0.07297088236581839,1735,100,20,347,341,347,19.654178674351584,20.0
continuous_wall_20in,101,far_wall_heading_right,"[1.0, 2.025, -0.05]",,PASS,True,corridor_traversal,corridor_traversal,0,,,0,6.273969650268555,6.274252600507786,0.07373796976741831,0.02,0.0,0.3799895200223736,0.0,0.3799895200223736,-0.0028952485374760485,0.039325783895425195,-0.0028952485374760485,0.039325783895425195,17.07,,,,,,,0.0399999999998748,0.26999999999991076,0.0693564420605357,1740,100,20,348,342,348,19.6551724137931,19.999999999999996
continuous_wall_20in,102,near_wall_heading_left,"[1.0, 1.975, 0.05]",,PASS,True,corridor_traversal,corridor_traversal,0,,,0,6.272026062011719,6.27233281202945,0.07373808897670786,0.02,0.0,0.3799969190905562,0.0,0.3799969190905562,-0.038267515046535555,0.003150432142645038,-0.038267515046535555,0.003150432142645038,17.07,,,,,,,0.0399999999998748,0.26999999999991076,0.06926394888024046,1740,100,20,348,342,348,19.6551724137931,19.999999999999996
continuous_wall_20in,102,nominal,"[1.0, 2.0, 0.0]",,PASS,True,corridor_traversal,corridor_traversal,0,,,0,6.277632713317871,6.277633921514628,0.1050249797767111,0.02,0.0,0.3799984300037935,0.0,0.3799984300037935,-0.003194569198022986,0.003477795196470254,-0.003194569198022986,0.003477795196470254,17.01,,,,,,,0.04999999999986571,0.27999999999990166,0.07332043026361923,1735,100,20,347,341,347,19.654178674351584,20.0
continuous_wall_20in,102,far_wall_heading_right,"[1.0, 2.025, -0.05]",,PASS,True,corridor_traversal,corridor_traversal,0,,,0,6.270479679107666,6.270775758252582,0.07373796976741831,0.02,0.0,0.37999347594731614,0.0,0.37999347594731614,-0.002955053294138119,0.03939020684824637,-0.002955053294138119,0.03939020684824637,17.080000000000002,,,,,,,0.02999999999987324,0.2599999999999092,0.06577495145684509,1740,100,20,348,342,348,19.6551724137931,19.999999999999996
continuous_wall_20in,103,near_wall_heading_left,"[1.0, 1.975, 0.05]",,PASS,True,corridor_traversal,corridor_traversal,0,,,0,6.272232532501221,6.272539316288655,0.07373808897670786,0.02,0.0,0.3799989708813221,0.0,0.3799989708813221,-0.03804435744396878,0.0034503801730287847,-0.03804435744396878,0.0034503801730287847,17.07,,,,,,,0.0399999999998748,0.26999999999991076,0.06936550274088216,1740,100,20,348,342,348,19.6551724137931,19.999999999999996
continuous_wall_20in,103,nominal,"[1.0, 2.0, 0.0]",,PASS,True,corridor_traversal,corridor_traversal,0,,,0,6.2772088050842285,6.277209968809037,0.10496051122887451,0.02,0.0,0.3799945356020663,0.0,0.3799945356020663,-0.0031004458040905054,0.004065540070219149,-0.0031004458040905054,0.004065540070219149,17.01,,,,,,,0.04999999999986571,0.27999999999990166,0.07328321919525838,1735,100,20,347,341,347,19.654178674351584,20.0
continuous_wall_20in,103,far_wall_heading_right,"[1.0, 2.025, -0.05]",,PASS,True,corridor_traversal,corridor_traversal,0,,,0,6.273989200592041,6.274272187463051,0.07373796976741831,0.02,0.0,0.37999358946462575,0.0,0.37999358946462575,-0.003201852116408136,0.03937667947162987,-0.003201852116408136,0.03937667947162987,17.07,,,,,,,0.0399999999998748,0.26999999999991076,0.06935358103737421,1740,100,20,348,342,348,19.6551724137931,19.999999999999996
continuous_wall_20in,104,near_wall_heading_left,"[1.0, 1.975, 0.05]",,PASS,True,corridor_traversal,corridor_traversal,0,,,0,6.270716667175293,6.27103076681769,0.07373808897670786,0.02,0.0,0.3799998256406539,0.0,0.3799998256406539,-0.03841512614015914,0.0032114393779447,-0.03841512614015914,0.0032114393779447,17.080000000000002,,,,,,,0.02999999999987324,0.2599999999999092,0.06568003678293799,1740,100,20,348,342,348,19.6551724137931,19.999999999999996
continuous_wall_20in,104,nominal,"[1.0, 2.0, 0.0]",,PASS,True,corridor_traversal,corridor_traversal,0,,,0,6.277481555938721,6.2774827098333725,0.1050630179669878,0.02,0.0,0.3799878210062241,0.0,0.3799878210062241,-0.0030277402706669694,0.003910078262259174,-0.0030277402706669694,0.003910078262259174,17.01,,,,,,,0.04999999999986571,0.27999999999990166,0.07289935654837354,1735,100,20,347,341,347,19.654178674351584,20.0
continuous_wall_20in,104,far_wall_heading_right,"[1.0, 2.025, -0.05]",,PASS,True,corridor_traversal,corridor_traversal,0,,,0,6.274003982543945,6.274286727707193,0.07373796976741831,0.02,0.0,0.37999768006671836,0.0,0.37999768006671836,-0.0032365948387601856,0.038944225362097414,-0.0032365948387601856,0.038944225362097414,17.07,,,,,,,0.0399999999998748,0.26999999999991076,0.06927157127817907,1740,100,20,348,342,348,19.6551724137931,19.999999999999996
continuous_wall_20in,105,near_wall_heading_left,"[1.0, 1.975, 0.05]",,PASS,True,corridor_traversal,corridor_traversal,0,,,0,6.267759799957275,6.268081454024448,0.07373808897670786,0.02,0.0,0.37999900252644636,0.0,0.37999900252644636,-0.03841567565271016,0.003374123881407203,-0.03841567565271016,0.003374123881407203,17.080000000000002,,,,,,,0.02999999999987324,0.2599999999999092,0.06541347601066505,1740,100,20,348,342,348,19.6551724137931,19.999999999999996
continuous_wall_20in,105,nominal,"[1.0, 2.0, 0.0]",,PASS,True,corridor_traversal,corridor_traversal,0,,,0,6.277828693389893,6.27782984946958,0.10492162573202313,0.02,0.0,0.37999754839869365,0.0,0.37999754839869365,-0.003034452283298212,0.0036396490721751157,-0.003034452283298212,0.0036396490721751157,17.01,,,,,,,0.04999999999986571,0.27999999999990166,0.07321884564025716,1735,100,20,347,341,347,19.654178674351584,20.0
continuous_wall_20in,105,far_wall_heading_right,"[1.0, 2.025, -0.05]",,PASS,True,corridor_traversal,corridor_traversal,0,,,0,6.273648738861084,6.273931621544601,0.07373796976741831,0.02,0.0,0.37999690104952455,0.0,0.37999690104952455,-0.0032013472018765795,0.039100118848062,-0.0032013472018765795,0.039100118848062,17.07,,,,,,,0.0399999999998748,0.26999999999991076,0.06928920804076988,1740,100,20,348,342,348,19.6551724137931,19.999999999999996
continuous_wall_19in,101,near_wall_heading_left,"[1.0, 1.9876999999999998, 0.05]",,PASS,True,corridor_traversal,corridor_traversal,0,,,0,6.269216537475586,6.269490949491418,0.07373805063900041,0.02,0.0,0.3799944229202472,0.0,0.3799944229202472,-0.044157239221855736,0.0035867026908288904,-0.044157239221855736,0.0035867026908288904,17.080000000000002,,,,,,,0.02999999999987324,0.2599999999999092,0.06570625706075983,1740,100,20,348,342,348,19.6551724137931,19.999999999999996
continuous_wall_19in,101,nominal,"[1.0, 2.0126999999999997, 0.0]",,PASS,True,corridor_traversal,corridor_traversal,0,,,0,6.276796340942383,6.276798791345874,0.08034276738567003,0.02,0.0,0.3799899554559624,0.0,0.3799899554559624,-0.009287690841366195,0.0034469688695038395,-0.009287690841366195,0.0034469688695038395,17.01,,,,,,,0.04999999999986571,0.27999999999990166,0.07321646650979385,1735,100,20,347,341,347,19.654178674351584,20.0
continuous_wall_19in,101,far_wall_heading_right,"[1.0, 2.0376999999999996, -0.05]",,PASS,True,corridor_traversal,corridor_traversal,0,,,0,6.270172595977783,6.270515069797182,0.048338127314415225,0.02,0.0,0.37999945326194723,0.0,0.37999945326194723,-0.0027126084138759557,0.03406909808586496,-0.0027126084138759557,0.03406909808586496,17.080000000000002,,,,,,,0.02999999999987324,0.2599999999999092,0.06572534261010077,1740,100,20,348,342,348,19.6551724137931,19.999999999999996
continuous_wall_19in,102,near_wall_heading_left,"[1.0, 1.9876999999999998, 0.05]",,PASS,True,corridor_traversal,corridor_traversal,0,,,0,6.268786907196045,6.269061843504047,0.07373805063900041,0.02,0.0,0.37999746530189954,0.0,0.37999746530189954,-0.04427429597645018,0.0032372420988293765,-0.04427429597645018,0.0032372420988293765,17.080000000000002,,,,,,,0.02999999999987324,0.2599999999999092,0.06578827348006655,1740,100,20,348,342,348,19.6551724137931,19.999999999999996
continuous_wall_19in,102,nominal,"[1.0, 2.0126999999999997, 0.0]",,PASS,True,corridor_traversal,corridor_traversal,0,,,0,6.277073860168457,6.277076336753864,0.0803434718380962,0.02,0.0,0.3799957363136559,0.0,0.3799957363136559,-0.009500899072397598,0.003105824025983737,-0.009500899072397598,0.003105824025983737,17.01,,,,,,,0.04999999999986571,0.27999999999990166,0.073042394676464,1735,100,20,347,341,347,19.654178674351584,20.0
continuous_wall_19in,102,far_wall_heading_right,"[1.0, 2.0376999999999996, -0.05]",,PASS,True,corridor_traversal,corridor_traversal,0,,,0,6.270238876342773,6.270580803975599,0.048338127314415225,0.02,0.0,0.37998539072737675,0.0,0.37998539072737675,-0.0028571704199343655,0.03439738232822699,-0.0028571704199343655,0.03439738232822699,17.080000000000002,,,,,,,0.02999999999987324,0.2599999999999092,0.06573964738931792,1740,100,20,348,342,348,19.6551724137931,19.999999999999996
continuous_wall_19in,103,near_wall_heading_left,"[1.0, 1.9876999999999998, 0.05]",,PASS,True,corridor_traversal,corridor_traversal,0,,,0,6.268723964691162,6.268998559343827,0.07373805063900041,0.02,0.0,0.3799976761924102,0.0,0.3799976761924102,-0.04463342573268833,0.003625973665963708,-0.04463342573268833,0.003625973665963708,17.080000000000002,,,,,,,0.02999999999987324,0.2599999999999092,0.06538536104017201,1740,100,20,348,342,348,19.6551724137931,19.999999999999996
continuous_wall_19in,103,nominal,"[1.0, 2.0126999999999997, 0.0]",,PASS,True,corridor_traversal,corridor_traversal,0,,,0,6.277050971984863,6.277053493195037,0.0803427804343686,0.02,0.0,0.3799962980082005,0.0,0.3799962980082005,-0.009387958482813203,0.0033620949242793106,-0.009387958482813203,0.0033620949242793106,17.01,,,,,,,0.04999999999986571,0.27999999999990166,0.07312059795842618,1735,100,20,347,341,347,19.654178674351584,20.0
continuous_wall_19in,103,far_wall_heading_right,"[1.0, 2.0376999999999996, -0.05]",,PASS,True,corridor_traversal,corridor_traversal,0,,,0,6.268322944641113,6.268672813712012,0.048338127314415225,0.02,0.0,0.37999972892535355,0.0,0.37999972892535355,-0.0030895070330022923,0.03412207851030699,-0.0030895070330022923,0.03412207851030699,17.080000000000002,,,,,,,0.02999999999987324,0.2599999999999092,0.06551265763969738,1740,100,20,348,342,348,19.6551724137931,19.999999999999996
continuous_wall_19in,104,near_wall_heading_left,"[1.0, 1.9876999999999998, 0.05]",,PASS,True,corridor_traversal,corridor_traversal,0,,,0,6.271625995635986,6.271893982840616,0.07373805063900041,0.02,0.0,0.3799972378823369,0.0,0.3799972378823369,-0.044407839608886945,0.003090042529025274,-0.044407839608886945,0.003090042529025274,17.080000000000002,,,,,,,0.02999999999987324,0.2599999999999092,0.06578970248837912,1740,100,20,348,342,348,19.6551724137931,19.999999999999996
continuous_wall_19in,104,nominal,"[1.0, 2.0126999999999997, 0.0]",,PASS,True,corridor_traversal,corridor_traversal,0,,,0,6.277063846588135,6.277066338895399,0.08034276638192406,0.02,0.0,0.3799999402333016,0.0,0.3799999402333016,-0.009433214364313679,0.0032476130351789694,-0.009433214364313679,0.0032476130351789694,17.01,,,,,,,0.04999999999986571,0.27999999999990166,0.07327368558260705,1735,100,20,347,341,347,19.654178674351584,20.0
continuous_wall_19in,104,far_wall_heading_right,"[1.0, 2.0376999999999996, -0.05]",,PASS,True,corridor_traversal,corridor_traversal,0,,,0,6.271739482879639,6.272075948466008,0.048338127314415225,0.02,0.0,0.37999693241994775,0.0,0.37999693241994775,-0.003218281342407174,0.033944864170475784,-0.003218281342407174,0.033944864170475784,17.07,,,,,,,0.0399999999998748,0.26999999999991076,0.069516217887025,1740,100,20,348,342,348,19.6551724137931,19.999999999999996
continuous_wall_19in,105,near_wall_heading_left,"[1.0, 1.9876999999999998, 0.05]",,PASS,True,corridor_traversal,corridor_traversal,0,,,0,6.2688703536987305,6.269144893118308,0.07373805063900041,0.02,0.0,0.3799997011340061,0.0,0.3799997011340061,-0.04443093557916458,0.003363603288053808,-0.04443093557916458,0.003363603288053808,17.080000000000002,,,,,,,0.02999999999987324,0.2599999999999092,0.06549455348654654,1740,100,20,348,342,348,19.6551724137931,19.999999999999996
continuous_wall_19in,105,nominal,"[1.0, 2.0126999999999997, 0.0]",,PASS,True,corridor_traversal,corridor_traversal,0,,,0,6.277346611022949,6.277349117844581,0.08034278739136713,0.02,0.0,0.37999684013885415,0.0,0.37999684013885415,-0.009393426492411368,0.003587845853013086,-0.009393426492411368,0.003587845853013086,17.01,,,,,,,0.04999999999986571,0.27999999999990166,0.07332757082570307,1735,100,20,347,341,347,19.654178674351584,20.0
continuous_wall_19in,105,far_wall_heading_right,"[1.0, 2.0376999999999996, -0.05]",,PASS,True,corridor_traversal,corridor_traversal,0,,,0,6.269150257110596,6.269494152347638,0.048338127314415225,0.02,0.0,0.37999053599522625,0.0,0.37999053599522625,-0.003848706448175433,0.03410546986032511,-0.003848706448175433,0.03410546986032511,17.080000000000002,,,,,,,0.02999999999987324,0.2599999999999092,0.06559371968723937,1740,100,20,348,342,348,19.6551724137931,19.999999999999996
continuous_wall_21in,101,near_wall_heading_left,"[1.0, 1.9623000000000002, 0.05]",,PASS,True,corridor_traversal,corridor_traversal,0,,,0,6.268603801727295,6.268820908749527,0.07373800810512576,0.02,0.0,0.379998395535134,0.0,0.379998395535134,-0.05600390815441818,0.003617819787780358,-0.05600390815441818,0.003617819787780358,17.080000000000002,,,,,,,0.02999999999987324,0.2599999999999092,0.06571055952652483,1740,100,20,348,342,348,19.6551724137931,19.999999999999996
continuous_wall_21in,101,nominal,"[1.0, 1.9873, 0.0]",,PASS,True,corridor_traversal,corridor_traversal,0,,,0,6.277952671051025,6.277967332808344,0.09740482602276734,0.02,0.0,0.3799999512965648,0.0,0.3799999512965648,-0.025202721833318963,0.003092259496547447,-0.025202721833318963,0.003092259496547447,17.01,,,,,,,0.04999999999986571,0.27999999999990166,0.07333043615022827,1735,100,20,347,341,347,19.654178674351584,20.0
continuous_wall_21in,101,far_wall_heading_right,"[1.0, 2.0123, -0.05]",,PASS,True,corridor_traversal,corridor_traversal,0,,,0,6.266517639160156,6.2669612259974254,0.09667875198796905,0.02,0.0,0.379999727256788,0.0,0.379999727256788,-0.003070890620399626,0.03038974251274224,-0.003070890620399626,0.03038974251274224,17.09,,,,,,,0.01999999999987523,0.24999999999991118,0.06179952814492218,1740,100,20,348,342,348,19.6551724137931,19.999999999999996
continuous_wall_21in,102,near_wall_heading_left,"[1.0, 1.9623000000000002, 0.05]",,PASS,True,corridor_traversal,corridor_traversal,0,,,0,6.267582416534424,6.267799800099994,0.07373800810512576,0.02,0.0,0.37999971354518225,0.0,0.37999971354518225,-0.056126400070682356,0.0031771806263388956,-0.056126400070682356,0.0031771806263388956,17.09,,,,,,,0.01999999999987523,0.24999999999991118,0.061736106927026135,1740,100,20,348,342,348,19.6551724137931,19.999999999999996
continuous_wall_21in,102,nominal,"[1.0, 1.9873, 0.0]",,PASS,True,corridor_traversal,corridor_traversal,0,,,0,6.277193546295166,6.277208328071899,0.09739799285259942,0.02,0.0,0.37999908801402643,0.0,0.37999908801402643,-0.025398219271492748,0.003357472307224297,-0.025398219271492748,0.003357472307224297,17.01,,,,,,,0.04999999999986571,0.27999999999990166,0.07321787007276104,1735,100,20,347,341,347,19.654178674351584,20.0
continuous_wall_21in,102,far_wall_heading_right,"[1.0, 2.0123, -0.05]",,PASS,True,corridor_traversal,corridor_traversal,0,,,0,6.267322063446045,6.267765458698415,0.09662505493000428,0.02,0.0,0.3799950179850719,0.0,0.3799950179850719,-0.003292307095651691,0.030369486263554898,-0.003292307095651691,0.030369486263554898,17.09,,,,,,,0.01999999999987523,0.24999999999991118,0.06196024261284272,1740,100,20,348,342,348,19.6551724137931,19.999999999999996
continuous_wall_21in,103,near_wall_heading_left,"[1.0, 1.9623000000000002, 0.05]",,PASS,True,corridor_traversal,corridor_traversal,0,,,0,6.268786907196045,6.269004101544744,0.07373800810512576,0.02,0.0,0.37999944543269126,0.0,0.37999944543269126,-0.05605943938944207,0.003812484487483738,-0.05605943938944207,0.003812484487483738,17.080000000000002,,,,,,,0.02999999999987324,0.2599999999999092,0.06575874691181038,1740,100,20,348,342,348,19.6551724137931,19.999999999999996
continuous_wall_21in,103,nominal,"[1.0, 1.9873, 0.0]",,PASS,True,corridor_traversal,corridor_traversal,0,,,0,6.277417182922363,6.2774321261737445,0.09736648550323768,0.02,0.0,0.37999936948209206,0.0,0.37999936948209206,-0.02529958946616593,0.003178111259537775,-0.02529958946616593,0.003178111259537775,17.01,,,,,,,0.04999999999986571,0.27999999999990166,0.07308864792915681,1735,100,20,347,341,347,19.654178674351584,20.0
continuous_wall_21in,103,far_wall_heading_right,"[1.0, 2.0123, -0.05]",,PASS,True,corridor_traversal,corridor_traversal,0,,,0,6.267026424407959,6.267469862370096,0.09666803438242777,0.02,0.0,0.37999771475840977,0.0,0.37999771475840977,-0.0030542097157023685,0.03020458195864472,-0.0030542097157023685,0.03020458195864472,17.09,,,,,,,0.01999999999987523,0.24999999999991118,0.06195785842790613,1740,100,20,348,342,348,19.6551724137931,19.999999999999996
continuous_wall_21in,104,near_wall_heading_left,"[1.0, 1.9623000000000002, 0.05]",,PASS,True,corridor_traversal,corridor_traversal,0,,,0,6.268572807312012,6.2687900334422855,0.07373800810512576,0.02,0.0,0.37999674598861377,0.0,0.37999674598861377,-0.056096136250211495,0.003617383519916366,-0.056096136250211495,0.003617383519916366,17.080000000000002,,,,,,,0.02999999999987324,0.2599999999999092,0.0656366501253336,1740,100,20,348,342,348,19.6551724137931,19.999999999999996
continuous_wall_21in,104,nominal,"[1.0, 1.9873, 0.0]",,PASS,True,corridor_traversal,corridor_traversal,0,,,0,6.277681827545166,6.277696419771977,0.09736850348615667,0.02,0.0,0.37999391520108156,0.0,0.37999391520108156,-0.025337989810109544,0.003184098109730556,-0.025337989810109544,0.003184098109730556,17.01,,,,,,,0.04999999999986571,0.27999999999990166,0.07296657761131176,1735,100,20,347,341,347,19.654178674351584,20.0
continuous_wall_21in,104,far_wall_heading_right,"[1.0, 2.0123, -0.05]",,PASS,True,corridor_traversal,corridor_traversal,0,,,0,6.267306327819824,6.267749913021009,0.09672660265411426,0.02,0.0,0.37999884368144404,0.0,0.37999884368144404,-0.0028186682031784444,0.029995661578878233,-0.0028186682031784444,0.029995661578878233,17.09,,,,,,,0.01999999999987523,0.24999999999991118,0.06194927525943417,1740,100,20,348,342,348,19.6551724137931,19.999999999999996
continuous_wall_21in,105,near_wall_heading_left,"[1.0, 1.9623000000000002, 0.05]",,PASS,True,corridor_traversal,corridor_traversal,0,,,0,6.267450332641602,6.2676677324757595,0.07373800810512576,0.02,0.0,0.37999470841714944,0.0,0.37999470841714944,-0.05614308113169809,0.003983460681333001,-0.05614308113169809,0.003983460681333001,17.09,,,,,,,0.01999999999987523,0.24999999999991118,0.06173515800158125,1740,100,20,348,342,348,19.6551724137931,19.999999999999996
continuous_wall_21in,105,nominal,"[1.0, 1.9873, 0.0]",,PASS,True,corridor_traversal,corridor_traversal,0,,,0,6.277077674865723,6.277092434934818,0.0973647005819005,0.02,0.0,0.3799978282077739,0.0,0.3799978282077739,-0.025268031143224394,0.003187628312152561,-0.025268031143224394,0.003187628312152561,17.01,,,,,,,0.04999999999986571,0.27999999999990166,0.07273440375377849,1735,100,20,347,341,347,19.654178674351584,20.0
continuous_wall_21in,105,far_wall_heading_right,"[1.0, 2.0123, -0.05]",,PASS,True,corridor_traversal,corridor_traversal,0,,,0,6.266394138336182,6.266837769821528,0.09669068645128509,0.02,0.0,0.3799983536811596,0.0,0.3799983536811596,-0.003310343847152718,0.030706916436652385,-0.003310343847152718,0.030706916436652385,17.09,,,,,,,0.01999999999987523,0.24999999999991118,0.06167888692956236,1740,100,20,348,342,348,19.6551724137931,19.999999999999996
continuous_wall_left_corner_30in,101,near_wall_heading_left,"[1.0, 1.348, 0.05]",,PASS,True,corner_completion,corner_completion,0,,,0,4.14497709274292,7.513592009340966,0.0737381147259144,0.02,0.0,0.3799644370947301,0.0,0.3799644370947301,-0.04490683837457701,0.18134061790998404,-0.04490683837457701,0.18134061790998404,24.92,,,,,,,0.04000000000110049,0.22000000000112863,0.04602133909945039,2520,100,20,504,499,504,19.8015873015873,20.0
continuous_wall_left_corner_30in,101,nominal,"[1.0, 1.373, 0.0]",,PASS,True,corner_completion,corner_completion,0,,,0,4.144552707672119,7.513436183547295,0.08637346054599049,0.02,0.0,0.37999499021551025,0.0,0.37999499021551025,-0.010138956953185918,0.17360476636086167,-0.010138956953185918,0.17360476636086167,24.87,,,,,,,0.04000000000109338,0.22000000000112152,0.045850037939919375,2515,100,20,503,498,503,19.801192842942346,20.0
continuous_wall_left_corner_30in,101,far_wall_heading_right,"[1.0, 1.398, -0.05]",,PASS,True,corner_completion,corner_completion,0,,,0,4.144672393798828,7.516115742557687,0.08591968289777507,0.02,0.0,0.379994973140344,0.0,0.379994973140344,-0.0028119966553550695,0.175317006812716,-0.0028119966553550695,0.175317006812716,25.07,,,,,,,0.04000000000112536,0.2200000000011535,0.045721890798252396,2535,100,20,507,502,507,19.80276134122288,20.0
continuous_wall_left_corner_30in,102,near_wall_heading_left,"[1.0, 1.348, 0.05]",,PASS,True,corner_completion,corner_completion,0,,,0,4.1446990966796875,7.512991836145906,0.0737381147259144,0.02,0.0,0.3799939151758022,0.0,0.3799939151758022,-0.04492578972575868,0.18049679122025297,-0.04492578972575868,0.18049679122025297,24.92,,,,,,,0.04000000000110049,0.22000000000112863,0.04606251784869908,2520,100,20,504,499,504,19.8015873015873,20.0
continuous_wall_left_corner_30in,102,nominal,"[1.0, 1.373, 0.0]",,PASS,True,corner_completion,corner_completion,0,,,0,4.144501686096191,7.516129696619695,0.08679986010446128,0.02,0.0,0.3799899805780166,0.0,0.3799899805780166,-0.010352732249348382,0.18297321646525028,-0.010352732249348382,0.18297321646525028,24.92,,,,,,,0.04000000000110049,0.22000000000112863,0.04588798019544171,2520,100,20,504,499,504,19.8015873015873,20.0
continuous_wall_left_corner_30in,102,far_wall_heading_right,"[1.0, 1.398, -0.05]",,PASS,True,corner_completion,corner_completion,0,,,0,4.144907474517822,7.51652748243832,0.08504782737460981,0.02,0.0,0.37999339766291745,0.0,0.37999339766291745,-0.002303452731257756,0.17532711311303928,-0.002303452731257756,0.17532711311303928,25.07,,,,,,,0.04000000000112536,0.2200000000011535,0.04569693606599046,2535,100,20,507,502,507,19.80276134122288,20.0
continuous_wall_left_corner_30in,103,near_wall_heading_left,"[1.0, 1.348, 0.05]",,PASS,True,corner_completion,corner_completion,0,,,0,4.144622802734375,7.507860805707552,0.0737381147259144,0.02,0.0,0.3799726356780572,0.0,0.3799726356780572,-0.04538343492243093,0.17606494026514563,-0.04538343492243093,0.17606494026514563,24.95,,,,,,,0.010000000001102904,0.19000000000113104,0.03765718114563743,2520,100,20,504,499,504,19.8015873015873,20.0
continuous_wall_left_corner_30in,103,nominal,"[1.0, 1.373, 0.0]",,PASS,True,corner_completion,corner_completion,0,,,0,4.1446123123168945,7.51226405080766,0.08637959195040668,0.02,0.0,0.3799979102368691,0.0,0.3799979102368691,-0.010236672645667078,0.17995159035902608,-0.010236672645667078,0.17995159035902608,24.93,,,,,,,0.030000000001102478,0.21000000000113062,0.04327370309312162,2520,100,20,504,499,504,19.8015873015873,20.0
continuous_wall_left_corner_30in,103,far_wall_heading_right,"[1.0, 1.398, -0.05]",,PASS,True,corner_completion,corner_completion,0,,,0,4.144995212554932,7.518885653175425,0.08507762688971243,0.02,0.0,0.37992092739530325,0.0,0.37992092739530325,-0.0027095206829560866,0.1763390342485141,-0.0027095206829560866,0.1763390342485141,25.060000000000002,,,,,,,0.05000000000112337,0.2300000000011515,0.04877689234440474,2535,100,20,507,502,507,19.80276134122288,20.0
continuous_wall_left_corner_30in,104,near_wall_heading_left,"[1.0, 1.348, 0.05]",,PASS,True,corner_completion,corner_completion,0,,,0,4.144886493682861,7.514280185674498,0.0737381147259144,0.02,0.0,0.37999199798129557,0.0,0.37999199798129557,-0.04505451132046198,0.17461704590583982,-0.04505451132046198,0.17461704590583982,24.92,,,,,,,0.04000000000110049,0.22000000000112863,0.045909208881592,2520,100,20,504,499,504,19.8015873015873,20.0
continuous_wall_left_corner_30in,104,nominal,"[1.0, 1.373, 0.0]",,PASS,True,corner_completion,corner_completion,0,,,0,4.144949436187744,7.511738174190304,0.08503335350129837,0.02,0.0,0.3799679030948753,0.0,0.3799679030948753,-0.01028569696439115,0.17422325083757897,-0.01028569696439115,0.17422325083757897,24.93,,,,,,,0.030000000001102478,0.21000000000113062,0.043121177544852785,2520,100,20,504,499,504,19.8015873015873,20.0
continuous_wall_left_corner_30in,104,far_wall_heading_right,"[1.0, 1.398, -0.05]",,PASS,True,corner_completion,corner_completion,0,,,0,4.144566535949707,7.513289444124827,0.08660819071287729,0.02,0.0,0.3799962732297042,0.0,0.3799962732297042,-0.0024323260857189687,0.17240780178966586,-0.0024323260857189687,0.17240780178966586,25.03,,,,,,,0.03000000000111669,0.21000000000114483,0.04320809420511473,2530,100,20,506,501,506,19.802371541501977,20.0
continuous_wall_left_corner_30in,105,near_wall_heading_left,"[1.0, 1.348, 0.05]",,PASS,True,corner_completion,corner_completion,0,,,0,4.144749641418457,7.515255389231437,0.0737381147259144,0.02,0.0,0.3799986854932785,0.0,0.3799986854932785,-0.045066252409268814,0.17748068152301236,-0.045066252409268814,0.17748068152301236,24.91,,,,,,,0.05000000000110205,0.2300000000011302,0.048784788641094146,2520,100,20,504,499,504,19.8015873015873,20.0
continuous_wall_left_corner_30in,105,nominal,"[1.0, 1.373, 0.0]",,PASS,True,corner_completion,corner_completion,0,,,0,4.144926071166992,7.509909874922877,0.08510610473575375,0.02,0.0,0.37999500804230485,0.0,0.37999500804230485,-0.010240537953876395,0.17945123511603428,-0.010240537953876395,0.17945123511603428,24.94,,,,,,,0.020000000001100915,0.20000000000112905,0.040290504932047,2520,100,20,504,499,504,19.8015873015873,20.0
continuous_wall_left_corner_30in,105,far_wall_heading_right,"[1.0, 1.398, -0.05]",,PASS,True,corner_completion,corner_completion,0,,,0,4.144416332244873,7.516540936685169,0.0866100129383589,0.02,0.0,0.379998213287851,0.0,0.379998213287851,-0.0025206979649881767,0.18056129210546756,-0.0025206979649881767,0.18056129210546756,25.02,,,,,,,0.04000000000111825,0.2200000000011464,0.045745794047047816,2530,100,20,506,501,506,19.802371541501977,20.0
continuous_wall_30in,777,nominal,"[1.0, 1.873, 0.0]",controller_crash,PASS,False,,fault_stop_or_recovery,0,,,0,0.8268157243728638,0.8268176761960673,0.10261532931389805,0.02,0.0,0.37998710908909,0.0,0.37998710908909,-0.010152866136682056,0.002586581280739287,-0.010152866136682056,0.002586581280739287,2.5,,,,,,,,0.39999999999998215,0.11840513930769703,296,100,20,60,50,50,16.89189189189189,16.89189189189189
continuous_wall_30in,777,nominal,"[1.0, 1.873, 0.0]",silent_publisher,PASS,False,,fault_stop_or_recovery,0,,,0,0.8268157243728638,0.8268176761960673,0.10261532931389805,0.02,0.0,0.37998710908909,0.0,0.37998710908909,-0.010152866136682056,0.006446175740523843,-0.010152866136682056,0.002586581280739287,2.5,,,,,,,,0.39999999999998215,0.11840513930769703,296,100,20,60,60,50,20.27027027027027,16.89189189189189
continuous_wall_30in,777,nominal,"[1.0, 1.873, 0.0]",stale_scan,PASS,False,,fault_stop_or_recovery,0,,stale_scan_header,0,0.8419791460037231,0.8419804553356024,0.10377120581251997,0.02,0.0,0.37998710908909,0.0,0.37998710908909,-0.010152866136682056,0.002586581280739287,-0.010152866136682056,0.002586581280739287,2.5,,2.7,,,0.23999999999998112,0.05783347491614743,0.2099999999999862,0.4399999999999813,0.1335722274170824,300,100,20,60,60,60,20.0,20.0
continuous_wall_30in,777,nominal,"[1.0, 1.873, 0.0]",delayed_scan,PASS,False,,fault_stop_or_recovery,0,,stale_scan_header,0,0.7662796974182129,0.7662809228058048,0.10377470007499023,0.02,0.0,0.37998710908909,0.0,0.37998710908909,-0.010152866136682056,0.002586581280739287,-0.010152866136682056,0.002586581280739287,2.5,,2.5,,,0.23999999999998556,0.057868403356061804,0.009999999999990461,0.23999999999998556,0.057868403356061804,280,100,20,56,56,56,19.999999999999996,19.999999999999996
continuous_wall_30in,777,nominal,"[1.0, 1.873, 0.0]",malformed_scan,PASS,False,,fault_stop_or_recovery,0,,too_many_invalid_ranges,0,0.7662796974182129,0.7662809228058048,0.10377470007499023,0.02,0.0,0.37998710908909,0.0,0.37998710908909,-0.010152866136682056,0.002586581280739287,-0.010152866136682056,0.002586581280739287,2.5,,2.5,,,0.23999999999998556,0.057868403356061804,0.009999999999990461,0.23999999999998556,0.057868403356061804,280,100,20,56,56,56,19.999999999999996,19.999999999999996
continuous_wall_30in,777,nominal,"[1.0, 1.873, 0.0]",sensor_dropout,PASS,False,,fault_stop_or_recovery,0,,,0,0.8268157243728638,0.8268176761960673,0.10261532931389805,0.02,0.0,0.37998710908909,0.0,0.37998710908909,-0.010152866136682056,0.002586581280739287,-0.010152866136682056,0.002586581280739287,2.5,,,,,,,,0.39999999999998215,0.11840513930769703,296,100,20,60,50,50,16.89189189189189,16.89189189189189
continuous_wall_30in,777,nominal,"[1.0, 1.873, 0.0]",command_burst,PASS,False,,fault_stop_or_recovery,0,,,0,0.8422644138336182,0.8422667352369722,0.10218493869492762,0.02,0.0,0.37998710908909,0.0,0.37998710908909,-0.010152866136682056,0.008090704224075106,-0.010152866136682056,0.002586581280739287,2.5,,,,,,,,0.4399999999999813,0.1338286802099412,300,100,20,60,60,50,20.0,16.666666666666668
continuous_wall_30in,777,nominal,"[1.0, 1.873, 0.0]",restart,PASS,True,corridor_traversal,fault_stop_or_recovery,0,,,0,6.264599800109863,6.264613959155144,0.09771440532999032,0.02,0.0,0.37999988345153535,0.0,0.37999988345153535,-0.0401673538661097,0.061855512538803954,-0.0401673538661097,0.061855512538803954,2.5,,,,,,,,0.39999999999998215,0.11840513930769703,2020,100,20,404,386,392,19.10891089108911,19.405940594059405
obstacle_ahead,888,nominal,"[1.0, 1.873, 0.0]",obstacle_ahead,PASS,False,,safe_stop,0,,front_clearance_stop,0,2.387591600418091,2.3875940487193192,0.10285332417290438,0.02,0.0,0.3799786112913114,0.0,0.3799786112913114,-0.010276454659185804,0.00438184647382585,-0.010276454659185804,0.00438184647382585,5.45,5.45,7.45,2.0,2.119999999999883,0.11999999999988287,0.015596879018327847,2.009999999999885,2.119999999999883,0.5621761716695763,762,100,20,153,153,153,20.078740157480315,20.078740157480315
opening_obstacle,888,nominal,"[1.0, 1.873, 0.0]",opening_obstacle,PASS,False,,safe_stop,0,,front_clearance_stop,0,2.028756856918335,2.0300664370918,0.07568218797552673,0.02,0.0,0.3799526347255883,0.0,0.3799526347255883,-0.288,0.014207367211180124,-0.288,0.014207367211180124,4.55,4.55,6.9,2.3500000000000005,2.469999999999895,0.11999999999989441,0.015282755772072498,2.3599999999998973,2.469999999999895,0.5457158112130596,707,100,20,142,142,142,20.084865629420083,20.084865629420083
