map,seed,pose_id,start_pose,fault,verdict,completion,failure_reason,first_stop_reason,collision_count,progress_m,distance_travelled_m,minimum_full_body_clearance_m,requested_speed_min_mps,requested_speed_max_mps,applied_speed_min_mps,applied_speed_max_mps,requested_steering_min_rad,requested_steering_max_rad,applied_steering_min_rad,applied_steering_max_rad,fault_start_s,time_to_zero_request_s,time_to_zero_applied_s,simulated_stop_distance_m,steps
continuous_wall_30in,101,near_wall_heading_left,"[1.0, 1.848, 0.05]",,PASS,True,,,0,6.261111259460449,6.261509313195504,0.0737381147259144,0.0,0.37999954428161914,0.0,0.37999954428161914,-0.06259077165049959,0.12600000000000053,-0.06259077165049959,0.12600000000000053,19.17,0.010000000000196962,0.24000000000023292,0.05802726848420381,1947
continuous_wall_30in,101,nominal,"[1.0, 1.873, 0.0]",,PASS,True,,,0,6.260500907897949,6.260702127527243,0.07919821083877188,0.0,0.3799997087015487,0.0,0.3799997087015487,-0.05318577570717616,0.14218938056269942,-0.05318577570717616,0.14218938056269942,19.12,0.010000000000189857,0.2400000000002258,0.05778837215957555,1942
continuous_wall_30in,101,far_wall_heading_right,"[1.0, 1.898, -0.05]",,PASS,True,,,0,6.263248920440674,6.263877716272426,0.07763053936226982,0.0,0.3799991760150339,0.0,0.3799991760150339,-0.047389433780270385,0.12600000000000053,-0.047389433780270385,0.12600000000000053,19.19,0.010000000000200515,0.24000000000023647,0.05805492549955904,1949
continuous_wall_30in,102,near_wall_heading_left,"[1.0, 1.848, 0.05]",,PASS,True,,,0,6.260510444641113,6.26091218192616,0.0737381147259144,0.0,0.379998937382304,0.0,0.379998937382304,-0.062129353432005804,0.12663850772196825,-0.062129353432005804,0.12663850772196825,19.18,0.010000000000200515,0.24000000000023647,0.05820799038984514,1948
continuous_wall_30in,102,nominal,"[1.0, 1.873, 0.0]",,PASS,True,,,0,6.2608137130737305,6.261021553459682,0.07887297762237977,0.0,0.3799949541810895,0.0,0.3799949541810895,-0.054546254968486675,0.12600000000000053,-0.054546254968486675,0.12600000000000053,19.11,0.010000000000189857,0.2400000000002258,0.058133130450173987,1941
continuous_wall_30in,102,far_wall_heading_right,"[1.0, 1.898, -0.05]",,PASS,True,,,0,6.2604146003723145,6.260960682512286,0.08208380306391638,0.0,0.3799994464615059,0.0,0.3799994464615059,-0.044229214937862235,0.12599999999999412,-0.044229214937862235,0.12599999999999412,19.150000000000002,0.01000000000019341,0.24000000000022936,0.05811548381708853,1945
continuous_wall_30in,103,near_wall_heading_left,"[1.0, 1.848, 0.05]",,PASS,True,,,0,6.261375904083252,6.261754616239612,0.0737381147259144,0.0,0.3799997890086968,0.0,0.3799997890086968,-0.061093249743402744,0.12899420141881218,-0.061093249743402744,0.12899420141881218,19.19,0.010000000000200515,0.24000000000023647,0.05790853521294537,1949
continuous_wall_30in,103,nominal,"[1.0, 1.873, 0.0]",,PASS,True,,,0,6.2630205154418945,6.263205287664055,0.08011929474140844,0.0,0.3799993139506696,0.0,0.3799993139506696,-0.052728739893642386,0.12767871111731166,-0.052728739893642386,0.12767871111731166,19.12,0.010000000000189857,0.2400000000002258,0.058049679985692215,1942
continuous_wall_30in,103,far_wall_heading_right,"[1.0, 1.898, -0.05]",,PASS,True,,,0,6.261481761932373,6.262010008457508,0.0830318863146513,0.0,0.3799988958094342,0.0,0.3799988958094342,-0.042454790767853204,0.11270300912012444,-0.042454790767853204,0.11270300912012444,19.16,0.010000000000196962,0.24000000000023292,0.05801725393168056,1946
continuous_wall_30in,104,near_wall_heading_left,"[1.0, 1.848, 0.05]",,PASS,True,,,0,6.2621636390686035,6.262570670132751,0.0737381147259144,0.0,0.3799971261235695,0.0,0.3799971261235695,-0.06627852207531781,0.14057331717841293,-0.06627852207531781,0.14057331717841293,19.2,0.010000000000204068,0.24000000000024002,0.057951927918301394,1950
continuous_wall_30in,104,nominal,"[1.0, 1.873, 0.0]",,PASS,True,,,0,6.263193607330322,6.263362148164627,0.08108825455190294,0.0,0.37999957010292257,0.0,0.37999957010292257,-0.057409134201306264,0.12600000000000053,-0.057409134201306264,0.12600000000000053,19.11,0.010000000000189857,0.2400000000002258,0.05814934242875669,1941
continuous_wall_30in,104,far_wall_heading_right,"[1.0, 1.898, -0.05]",,PASS,True,,,0,6.261618137359619,6.262214785307911,0.07920532745208586,0.0,0.37999802033171176,0.0,0.37999802033171176,-0.04818591957768801,0.14399999999999694,-0.04818591957768801,0.14399999999999694,19.17,0.010000000000196962,0.24000000000023292,0.05814933954350021,1947
continuous_wall_30in,105,near_wall_heading_left,"[1.0, 1.848, 0.05]",,PASS,True,,,0,6.2611823081970215,6.2615834335521425,0.0737381147259144,0.0,0.3799980440106992,0.0,0.3799980440106992,-0.0640404334377143,0.12461838446128576,-0.0640404334377143,0.12461838446128576,19.19,0.010000000000200515,0.24000000000023647,0.058140278057805084,1949
continuous_wall_30in,105,nominal,"[1.0, 1.873, 0.0]",,PASS,True,,,0,6.263674259185791,6.263853650766706,0.08039414980058601,0.0,0.37999913936489377,0.0,0.37999913936489377,-0.0547817975233907,0.1260000000000005,-0.0547817975233907,0.1260000000000005,19.12,0.010000000000189857,0.2400000000002258,0.05811262158468988,1942
continuous_wall_30in,105,far_wall_heading_right,"[1.0, 1.898, -0.05]",,PASS,True,,,0,6.2631425857543945,6.263699328423613,0.08124681653354027,0.0,0.37999391335626215,0.0,0.37999391335626215,-0.04645619651140192,0.1260000000000005,-0.04645619651140192,0.1260000000000005,19.17,0.010000000000196962,0.24000000000023292,0.05805015611621922,1947
continuous_wall_20in,101,near_wall_heading_left,"[1.0, 1.975, 0.05]",,PASS,True,,,0,6.260246276855469,6.260416002838175,0.07373808897670786,0.0,0.3799989601890454,0.0,0.3799989601890454,-0.08395890618775101,0.004791755502363584,-0.08395890618775101,0.004791755502363584,16.92,0.009999999999845244,0.2399999999998812,0.05801773134242438,1722
continuous_wall_20in,101,nominal,"[1.0, 2.0, 0.0]",,PASS,True,,,0,6.260911464691162,6.260957756181144,0.0907047417669844,0.0,0.3799998311792546,0.0,0.3799998311792546,-0.07200000000000002,0.004204229271183409,-0.07200000000000002,0.004204229271183409,16.85,0.009999999999834586,0.23999999999987054,0.058200838581635495,1715
continuous_wall_20in,101,far_wall_heading_right,"[1.0, 2.025, -0.05]",,PASS,True,,,0,6.260749340057373,6.261246100391758,0.07373796607968641,0.0,0.37999976582295936,0.0,0.37999976582295936,-0.054135259349055415,0.022306363861418876,-0.054135259349055415,0.022306363861418876,16.88,0.009999999999841691,0.23999999999987764,0.05811548283720924,1718
continuous_wall_20in,102,near_wall_heading_left,"[1.0, 1.975, 0.05]",,PASS,True,,,0,6.260905742645264,6.261074970360855,0.07373808897670786,0.0,0.3799984263885238,0.0,0.3799984263885238,-0.08125498982459758,0.0049861685748781425,-0.08125498982459758,0.0049861685748781425,16.92,0.009999999999845244,0.2399999999998812,0.058107378209409255,1722
continuous_wall_20in,102,nominal,"[1.0, 2.0, 0.0]",,PASS,True,,,0,6.2606072425842285,6.260653552141348,0.09073283465999671,0.0,0.37999990507267384,0.0,0.37999990507267384,-0.07200000000000002,0.005494934350311771,-0.07200000000000002,0.005494934350311771,16.85,0.009999999999834586,0.23999999999987054,0.05811357527033145,1715
continuous_wall_20in,102,far_wall_heading_right,"[1.0, 2.025, -0.05]",,PASS,True,,,0,6.260504722595215,6.2610013401646,0.07373796607968641,0.0,0.3799980492529177,0.0,0.3799980492529177,-0.05400615060732861,0.022309475170187526,-0.05400615060732861,0.022309475170187526,16.88,0.009999999999841691,0.23999999999987764,0.0580797200823957,1718
continuous_wall_20in,103,near_wall_heading_left,"[1.0, 1.975, 0.05]",,PASS,True,,,0,6.26101541519165,6.261182793295937,0.07373808897670786,0.0,0.37999967607819424,0.0,0.37999967607819424,-0.08195757251799299,0.004327698448633333,-0.08195757251799299,0.004327698448633333,16.92,0.009999999999845244,0.2399999999998812,0.05793952941894531,1722
continuous_wall_20in,103,nominal,"[1.0, 2.0, 0.0]",,PASS,True,,,0,6.260303497314453,6.2603497119776605,0.09069377796848799,0.0,0.3799997228822072,0.0,0.3799997228822072,-0.07200000000000002,0.004525396453667868,-0.07200000000000002,0.004525396453667868,16.85,0.009999999999834586,0.23999999999987054,0.057798868799060266,1715
continuous_wall_20in,103,far_wall_heading_right,"[1.0, 2.025, -0.05]",,PASS,True,,,0,6.263495922088623,6.2639930985899435,0.07373796607968641,0.0,0.3799987601632373,0.0,0.3799987601632373,-0.05502076320848135,0.021936005301810092,-0.05502076320848135,0.021936005301810092,16.89,0.009999999999841691,0.23999999999987764,0.057846547930571646,1719
continuous_wall_20in,104,near_wall_heading_left,"[1.0, 1.975, 0.05]",,PASS,True,,,0,6.2619452476501465,6.262111035748001,0.07373808897670786,0.0,0.3799999298459338,0.0,0.3799999298459338,-0.08039354516052233,0.005072069256011081,-0.08039354516052233,0.005072069256011081,16.92,0.009999999999845244,0.2399999999998812,0.05791855011292402,1722
continuous_wall_20in,104,nominal,"[1.0, 2.0, 0.0]",,PASS,True,,,0,6.260299205780029,6.260345281363259,0.0906379045108161,0.0,0.3799995379638653,0.0,0.3799995379638653,-0.07200000000000002,0.00466279352786041,-0.07200000000000002,0.00466279352786041,16.85,0.009999999999834586,0.23999999999987054,0.05808734920314507,1715
continuous_wall_20in,104,far_wall_heading_right,"[1.0, 2.025, -0.05]",,PASS,True,,,0,6.260621547698975,6.261118074990506,0.07373796607968641,0.0,0.379999198829775,0.0,0.379999198829775,-0.05491363632241071,0.02174879841254035,-0.05491363632241071,0.02174879841254035,16.88,0.009999999999841691,0.23999999999987764,0.05810595293358389,1718
continuous_wall_20in,105,near_wall_heading_left,"[1.0, 1.975, 0.05]",,PASS,True,,,0,6.2611846923828125,6.261353410520023,0.07373808897670786,0.0,0.37999911390873,0.0,0.37999911390873,-0.08244581171388043,0.004125330543646744,-0.08244581171388043,0.004125330543646744,16.92,0.009999999999845244,0.2399999999998812,0.05798149529757701,1722
continuous_wall_20in,105,nominal,"[1.0, 2.0, 0.0]",,PASS,True,,,0,6.260660648345947,6.260707181640132,0.09082908412565383,0.0,0.37999882041309524,0.0,0.37999882041309524,-0.07200000000000002,0.004727325809362843,-0.07200000000000002,0.004727325809362843,16.85,0.009999999999834586,0.23999999999987054,0.05795192742637312,1715
continuous_wall_20in,105,far_wall_heading_right,"[1.0, 2.025, -0.05]",,PASS,True,,,0,6.260742664337158,6.261239754165721,0.07373796607968641,0.0,0.37999992110505887,0.0,0.37999992110505887,-0.05465003266070237,0.02167552579680923,-0.05465003266070237,0.02167552579680923,16.88,0.009999999999841691,0.23999999999987764,0.057940960423183974,1718
continuous_wall_19in,101,near_wall_heading_left,"[1.0, 1.9876999999999998, 0.05]",,PASS,True,,,0,6.260749340057373,6.26098052468041,0.07373805063900041,0.0,0.37999905018400343,0.0,0.37999905018400343,-0.05573749832723052,0.004328005768346636,-0.05573749832723052,0.004328005768346636,16.91,0.009999999999845244,0.2399999999998812,0.05796241885496478,1721
continuous_wall_19in,101,nominal,"[1.0, 2.0126999999999997, 0.0]",,PASS,True,,,0,6.263774394989014,6.263782014209866,0.08019554179748267,0.0,0.37999997332826896,0.0,0.37999997332826896,-0.0387708736665121,0.003991054574958079,-0.0387708736665121,0.003991054574958079,16.85,0.009999999999834586,0.23999999999987054,0.05815458819509978,1715
continuous_wall_19in,101,far_wall_heading_right,"[1.0, 2.0376999999999996, -0.05]",,PASS,True,,,0,6.262183666229248,6.2625647074874395,0.04833812362668333,0.0,0.3799991643624564,0.0,0.3799991643624564,-0.042268986558949145,0.03426243072579527,-0.042268986558949145,0.03426243072579527,16.91,0.009999999999845244,0.2399999999998812,0.05801820821954884,1721
continuous_wall_19in,102,near_wall_heading_left,"[1.0, 1.9876999999999998, 0.05]",,PASS,True,,,0,6.261162281036377,6.2613933978203224,0.07373805063900041,0.0,0.37999989730447753,0.0,0.37999989730447753,-0.054000000000000006,0.004944864904792708,-0.054000000000000006,0.004944864904792708,16.91,0.009999999999845244,0.2399999999998812,0.05806255461819099,1721
continuous_wall_19in,102,nominal,"[1.0, 2.0126999999999997, 0.0]",,PASS,True,,,0,6.260522842407227,6.260530450482356,0.0801573572883525,0.0,0.3799995015009756,0.0,0.3799995015009756,-0.03921203977785688,0.004846974762318271,-0.03921203977785688,0.004846974762318271,16.84,0.009999999999834586,0.23999999999987054,0.05812788426963866,1714
continuous_wall_19in,102,far_wall_heading_right,"[1.0, 2.0376999999999996, -0.05]",,PASS,True,,,0,6.26146125793457,6.261846104580456,0.04833812362668333,0.0,0.3799991452897129,0.0,0.3799991452897129,-0.04256862241287823,0.03684199809525774,-0.04256862241287823,0.03684199809525774,16.91,0.009999999999845244,0.2399999999998812,0.05815363024495568,1721
continuous_wall_19in,103,near_wall_heading_left,"[1.0, 1.9876999999999998, 0.05]",,PASS,True,,,0,6.263452529907227,6.263687911218632,0.07373805063900041,0.0,0.3799996810919437,0.0,0.3799996810919437,-0.054686142123766,0.004974766824116036,-0.054686142123766,0.004974766824116036,16.92,0.009999999999845244,0.2399999999998812,0.05817079673774561,1722
continuous_wall_19in,103,nominal,"[1.0, 2.0126999999999997, 0.0]",,PASS,True,,,0,6.2630839347839355,6.263091702325723,0.08017764151512585,0.0,0.37999991867252725,0.0,0.37999991867252725,-0.03723389475830855,0.0048102334388476714,-0.03723389475830855,0.0048102334388476714,16.85,0.009999999999834586,0.23999999999987054,0.05811024060273695,1715
continuous_wall_19in,103,far_wall_heading_right,"[1.0, 2.0376999999999996, -0.05]",,PASS,True,,,0,6.261955738067627,6.262336260855452,0.04833812362668333,0.0,0.37999971718624853,0.0,0.37999971718624853,-0.04081226810315684,0.034600246975273946,-0.04081226810315684,0.034600246975273946,16.91,0.009999999999845244,0.2399999999998812,0.05820035934448242,1721
continuous_wall_19in,104,near_wall_heading_left,"[1.0, 1.9876999999999998, 0.05]",,PASS,True,,,0,6.260780334472656,6.261011481124823,0.07373805063900041,0.0,0.37999983744843346,0.0,0.37999983744843346,-0.05440704227905888,0.00434529332834257,-0.05440704227905888,0.00434529332834257,16.91,0.009999999999845244,0.2399999999998812,0.05814409349881089,1721
continuous_wall_19in,104,nominal,"[1.0, 2.0126999999999997, 0.0]",,PASS,True,,,0,6.263819217681885,6.263826899955983,0.08019950936431508,0.0,0.3799993804731561,0.0,0.3799993804731561,-0.03866972880281927,0.004684871337709107,-0.03866972880281927,0.004684871337709107,16.85,0.009999999999834586,0.23999999999987054,0.05809261355960782,1715
continuous_wall_19in,104,far_wall_heading_right,"[1.0, 2.0376999999999996, -0.05]",,PASS,True,,,0,6.261476516723633,6.261861002428269,0.04833812362668333,0.0,0.3799995809548373,0.0,0.3799995809548373,-0.042080993914766635,0.03503669047115364,-0.042080993914766635,0.03503669047115364,16.91,0.009999999999845244,0.2399999999998812,0.057999620949146014,1721
continuous_wall_19in,105,near_wall_heading_left,"[1.0, 1.9876999999999998, 0.05]",,PASS,True,,,0,6.260707378387451,6.260938531064704,0.07373805063900041,0.0,0.37999742868026976,0.0,0.37999742868026976,-0.054355852104525426,0.004782747835628719,-0.054355852104525426,0.004782747835628719,16.91,0.009999999999845244,0.2399999999998812,0.05783033453611086,1721
continuous_wall_19in,105,nominal,"[1.0, 2.0126999999999997, 0.0]",,PASS,True,,,0,6.263480186462402,6.2634878510035765,0.08019559652103503,0.0,0.3799996522405939,0.0,0.3799996522405939,-0.037545464072001614,0.004386069067577829,-0.037545464072001614,0.004386069067577829,16.85,0.009999999999834586,0.23999999999987054,0.05799007929250344,1715
continuous_wall_19in,105,far_wall_heading_right,"[1.0, 2.0376999999999996, -0.05]",,PASS,True,,,0,6.261462688446045,6.261846140689229,0.04833812362668333,0.0,0.3799985229283081,0.0,0.3799985229283081,-0.04106175442536403,0.036139073216374815,-0.04106175442536403,0.036139073216374815,16.91,0.009999999999845244,0.2399999999998812,0.05801105770822179,1721
continuous_wall_21in,101,near_wall_heading_left,"[1.0, 1.9623000000000002, 0.05]",,PASS,True,,,0,6.260833740234375,6.261127299595284,0.07373800441739387,0.0,0.3799999937528872,0.0,0.3799999937528872,-0.041277900269447214,0.01031720985577407,-0.041277900269447214,0.01031720985577407,16.9,0.009999999999845244,0.2399999999998812,0.05812835799759064,1720
continuous_wall_21in,101,nominal,"[1.0, 1.9873, 0.0]",,PASS,True,,,0,6.2627787590026855,6.262779747941485,0.10432265474797453,0.0,0.37999978805150714,0.0,0.37999978805150714,-0.013309922313124011,0.004348031072306549,-0.013309922313124011,0.004348031072306549,16.85,0.009999999999834586,0.23999999999987054,0.058102607734581646,1715
continuous_wall_21in,101,far_wall_heading_right,"[1.0, 2.0123, -0.05]",,PASS,True,,,0,6.261822700500488,6.262109618552727,0.0991380469512686,0.0,0.3799984233508662,0.0,0.3799984233508662,-0.018000000000000006,0.044062624447041746,-0.018000000000000006,0.044062624447041746,16.91,0.009999999999845244,0.2399999999998812,0.058036809457156835,1721
continuous_wall_21in,102,near_wall_heading_left,"[1.0, 1.9623000000000002, 0.05]",,PASS,True,,,0,6.261491775512695,6.261784310507823,0.07373800441739387,0.0,0.37999992297388985,0.0,0.37999992297388985,-0.041382419293983966,0.01009591210286926,-0.041382419293983966,0.01009591210286926,16.9,0.009999999999845244,0.2399999999998812,0.0581789027881765,1720
continuous_wall_21in,102,nominal,"[1.0, 1.9873, 0.0]",,PASS,True,,,0,6.263339519500732,6.263340448788077,0.10417280310391441,0.0,0.37999978926159966,0.0,0.37999978926159966,-0.013408774841067422,0.0049610028746847595,-0.013408774841067422,0.0049610028746847595,16.85,0.009999999999834586,0.23999999999987054,0.05820036224627767,1715
continuous_wall_21in,102,far_wall_heading_right,"[1.0, 2.0123, -0.05]",,PASS,True,,,0,6.262025833129883,6.262313896151946,0.0991380469512686,0.0,0.37999942261272474,0.0,0.37999942261272474,-0.018000000000000006,0.0442872364075694,-0.018000000000000006,0.0442872364075694,16.91,0.009999999999845244,0.2399999999998812,0.0580992699028533,1721
continuous_wall_21in,103,near_wall_heading_left,"[1.0, 1.9623000000000002, 0.05]",,PASS,True,,,0,6.260236740112305,6.260532602676317,0.07373800441739387,0.0,0.3799978771203516,0.0,0.3799978771203516,-0.04116888091418841,0.008901287541934769,-0.04116888091418841,0.008901287541934769,16.9,0.009999999999845244,0.2399999999998812,0.057857046791498945,1720
continuous_wall_21in,103,nominal,"[1.0, 1.9873, 0.0]",,PASS,True,,,0,6.263144493103027,6.263145433933368,0.10422445119989288,0.0,0.37999803849965785,0.0,0.37999803849965785,-0.014528665388972451,0.004906813926177691,-0.014528665388972451,0.004906813926177691,16.85,0.009999999999834586,0.23999999999987054,0.05816221502313468,1715
continuous_wall_21in,103,far_wall_heading_right,"[1.0, 2.0123, -0.05]",,PASS,True,,,0,6.261279582977295,6.261567848039201,0.0991380469512686,0.0,0.3799986464927709,0.0,0.3799986464927709,-0.018000000000000006,0.04469365067649743,-0.018000000000000006,0.04469365067649743,16.91,0.009999999999845244,0.2399999999998812,0.05816126289318646,1721
continuous_wall_21in,104,near_wall_heading_left,"[1.0, 1.9623000000000002, 0.05]",,PASS,True,,,0,6.263357639312744,6.263654646681623,0.07373800441739387,0.0,0.3799999272819024,0.0,0.3799999272819024,-0.04076356560602211,0.010990228219962789,-0.04076356560602211,0.010990228219962789,16.91,0.009999999999845244,0.2399999999998812,0.05803013914264543,1721
continuous_wall_21in,104,nominal,"[1.0, 1.9873, 0.0]",,PASS,True,,,0,6.262904644012451,6.262905479549617,0.10429149874633814,0.0,0.37999648605054154,0.0,0.37999648605054154,-0.012538486201164926,0.0046597742326527445,-0.012538486201164926,0.0046597742326527445,16.85,0.009999999999834586,0.23999999999987054,0.058141252397128085,1715
continuous_wall_21in,104,far_wall_heading_right,"[1.0, 2.0123, -0.05]",,PASS,True,,,0,6.2617950439453125,6.262083268098195,0.0991380469512686,0.0,0.3799990899955738,0.0,0.3799990899955738,-0.018000000000000006,0.04436593578851446,-0.018000000000000006,0.04436593578851446,16.91,0.009999999999845244,0.2399999999998812,0.05817127227783203,1721
continuous_wall_21in,105,near_wall_heading_left,"[1.0, 1.9623000000000002, 0.05]",,PASS,True,,,0,6.263546466827393,6.26384306625046,0.07373800441739387,0.0,0.3799991092495844,0.0,0.3799991092495844,-0.04185665828758506,0.008518982680924589,-0.04185665828758506,0.008518982680924589,16.91,0.009999999999845244,0.2399999999998812,0.05781793627004461,1721
continuous_wall_21in,105,nominal,"[1.0, 1.9873, 0.0]",,PASS,True,,,0,6.2626752853393555,6.26267624257164,0.10419610645179289,0.0,0.3799994697263782,0.0,0.3799994697263782,-0.015076347129049934,0.004839971625419505,-0.015076347129049934,0.004839971625419505,16.85,0.009999999999834586,0.23999999999987054,0.05820179413151472,1715
continuous_wall_21in,105,far_wall_heading_right,"[1.0, 2.0123, -0.05]",,PASS,True,,,0,6.260855674743652,6.261145921163972,0.0991380469512686,0.0,0.3799998241736634,0.0,0.3799998241736634,-0.018000000000000006,0.04460030680777723,-0.018000000000000006,0.04460030680777723,16.91,0.009999999999845244,0.2399999999998812,0.058184628958743545,1721
continuous_wall_30in,777,nominal,"[1.0, 1.873, 0.0]",controller_crash,PASS,False,,,0,0.9026826620101929,0.9026878950467648,0.10205452587762909,0.0,0.37999915714276006,0.0,0.37999915714276006,-0.0401287661401853,0.004453407734602192,-0.0401287661401853,0.004453407734602192,2.5,,0.4399999999999813,0.1339095705396156,300
continuous_wall_30in,777,nominal,"[1.0, 1.873, 0.0]",silent_publisher,PASS,False,,,0,0.9026826620101929,0.9026878950467648,0.10205452587762909,0.0,0.37999915714276006,0.0,0.37999915714276006,-0.0401287661401853,0.004453407734602192,-0.0401287661401853,0.004453407734602192,2.5,,0.4399999999999813,0.1339095705396156,300
continuous_wall_30in,777,nominal,"[1.0, 1.873, 0.0]",stale_scan,PASS,False,,stale_scan_header,0,0.8950607776641846,0.8950663651293187,0.10186752398111931,0.0,0.37999915714276006,0.0,0.37999915714276006,-0.0401287661401853,0.004453407734602192,-0.0401287661401853,0.004453407734602192,2.5,0.18999999999998662,0.4199999999999817,0.12628445790979326,298
continuous_wall_30in,777,nominal,"[1.0, 1.873, 0.0]",malformed_scan,PASS,False,,too_many_invalid_ranges,0,0.8268684148788452,0.8268738029144513,0.10187726166406708,0.0,0.37999915714276006,0.0,0.37999915714276006,-0.0401287661401853,0.004453407734602192,-0.0401287661401853,0.004453407734602192,2.5,0.009999999999990461,0.23999999999998556,0.05809570808836095,280
continuous_wall_30in,777,nominal,"[1.0, 1.873, 0.0]",sensor_dropout,PASS,False,,,0,0.9026826620101929,0.9026878950467648,0.10205452587762909,0.0,0.37999915714276006,0.0,0.37999915714276006,-0.0401287661401853,0.004453407734602192,-0.0401287661401853,0.004453407734602192,2.5,,0.4399999999999813,0.1339095705396156,300
continuous_wall_30in,777,nominal,"[1.0, 1.873, 0.0]",command_burst,PASS,False,,,0,0.9024933576583862,0.9024985907026499,0.10205452587762909,0.0,0.37999915714276006,0.0,0.37999915714276006,-0.0401287661401853,0.004453407734602192,-0.0401287661401853,0.004453407734602192,2.5,,0.4399999999999813,0.13373659786260428,300
continuous_wall_30in,777,nominal,"[1.0, 1.873, 0.0]",restart,PASS,True,,,0,6.260424613952637,6.260627464158972,0.07902447867033868,0.0,0.3799994737801764,0.0,0.3799994737801764,-0.05139650493921065,0.1260000000000005,-0.05139650493921065,0.1260000000000005,2.5,,0.4399999999999813,0.1339095705396156,2008
obstacle_ahead,888,nominal,"[1.0, 1.873, 0.0]",obstacle_ahead,PASS,False,,front_clearance_stop,0,2.3743011951446533,2.3743088133885153,0.1003882076295397,0.0,0.3799986152425921,0.0,0.3799986152425921,-0.04157434826170457,0.006565348310751477,-0.04157434826170457,0.006565348310751477,7.26,0.009999999999889653,0.11999999999988731,0.015444756576643126,743
