step,sim_time_s,x_m,y_m,yaw_rad,actual_speed_mps,requested_speed_mps,requested_steering_rad,request_reason,applied_speed_mps,applied_steering_rad,applied_reason,distance_travelled_m,collision
1,0.01,1.0,1.8730000257492065,0.0,0.0,0.0,0.0,wall_lost,0.0,0.0,wall_lost,0.0,0
2,0.02,1.0,1.8730000257492065,0.0,0.0,0.0,0.0,recovery_gate,0.0,0.0,recovery_gate,0.0,0
3,0.03,1.0,1.8730000257492065,0.0,0.0,0.0,0.0,recovery_gate,0.0,0.0,recovery_gate,0.0,0
4,0.04,1.0,1.8730000257492065,0.0,0.0,0.0,0.0,recovery_gate,0.0,0.0,recovery_gate,0.0,0
5,0.05,1.0000003576278687,1.8730000257492065,-2.505225893401075e-08,7.608000305481255e-05,0.008000000000000002,-0.018000000000000006,tracking,0.008,-0.018000000000000006,tracking,3.5762786865234375e-07,0
6,0.060000000000000005,1.0000048875808716,1.8730000257492065,-7.616834523105354e-07,0.0008332624565809965,0.016000000000000004,-0.03600000000000001,tracking,0.016,-0.03600000000000001,tracking,4.887580871582031e-06,0
7,0.07,1.0000187158584595,1.8730000257492065,-2.723000307014445e-06,0.0019348408095538616,0.024,-0.0401287661401853,tracking,0.024,-0.0401287661401853,tracking,1.8715858459472656e-05,0
8,0.08,1.0000451803207397,1.8730000257492065,-6.769690571672982e-06,0.003364439122378826,0.03200000000000001,-0.03247160809833824,tracking,0.032,-0.03247160809833824,tracking,4.5180320739746094e-05,0
9,0.09,1.0000874996185303,1.8730000257492065,-1.2906071788165718e-05,0.005106459837406874,0.04000000000000001,-0.024764069753462663,tracking,0.04,-0.024764069753462663,tracking,8.749961853027344e-05,0
10,0.09999999999999999,1.0001487731933594,1.8730000257492065,-1.5763975170557387e-05,0.007146047428250313,0.048,-0.020825719652880846,tracking,0.048,-0.020825719652880846,tracking,0.000148773193359375,0
11,0.10999999999999999,1.0002318620681763,1.8730000257492065,-2.0058429072378203e-05,0.009469052776694298,0.05600000000000001,-0.018633452516959546,tracking,0.056,-0.018633452516959546,tracking,0.00023186206817626953,0
12,0.11999999999999998,1.0003395080566406,1.8730000257492065,-2.5162162273772992e-05,0.012061999179422855,0.064,-0.015154561924589761,tracking,0.064,-0.015154561924589761,tracking,0.000339508056640625,0
13,0.12999999999999998,1.0004743337631226,1.8730000257492065,-3.205821121810004e-05,0.014912051148712635,0.072,-0.012754849637200194,tracking,0.072,-0.012754849637200194,tracking,0.0004743337631225586,0
14,0.13999999999999999,1.0006389617919922,1.8730000257492065,-3.993294376414269e-05,0.018006982281804085,0.08,-0.011389524491906899,tracking,0.07999999999999999,-0.011389524491906899,tracking,0.0006389617919921875,0
15,0.15,1.000835657119751,1.8730000257492065,-4.992272806703113e-05,0.02133515104651451,0.08800000000000001,-0.012418449578922061,tracking,0.088,-0.012418449578922061,tracking,0.0008356571197509766,0
16,0.16,1.00106680393219,1.8730000257492065,-6.104486965341493e-05,0.02488546445965767,0.09599999999999999,-0.010055757726712387,tracking,0.09599999999999999,-0.010055757726712387,tracking,0.0010668039321899414,0
17,0.17,1.0013344287872314,1.8730000257492065,-7.457483297912404e-05,0.02864736132323742,0.104,-0.010903028580862402,tracking,0.10399999999999998,-0.010903028580862402,tracking,0.0013344287872314453,0
18,0.18000000000000002,1.0016406774520874,1.8730000257492065,-8.937656093621626e-05,0.032610777765512466,0.112,-0.008713856443202786,tracking,0.11199999999999999,-0.008713856443202786,tracking,0.0016406774520874023,0
19,0.19000000000000003,1.0019875764846802,1.8730000257492065,-0.00010685170855140314,0.036766134202480316,0.11999999999999998,-0.00869855636155354,tracking,0.11999999999999998,-0.00869855636155354,tracking,0.0019875764846801758,0
20,0.20000000000000004,1.002376914024353,1.8730000257492065,-0.00012572508421726525,0.041104305535554886,0.128,-0.009423109950998352,tracking,0.12799999999999997,-0.009423109950998352,tracking,0.0023769140243530273,0
21,0.21000000000000005,1.0028104782104492,1.8730000257492065,-0.0001475128228776157,0.045616596937179565,0.136,-0.008528700198052463,tracking,0.13599999999999998,-0.008528700198052463,tracking,0.0028104782104492188,0
22,0.22000000000000006,1.003290057182312,1.872999906539917,-0.0001708135096123442,0.050294727087020874,0.144,-0.009740341786403994,tracking,0.144,-0.009740341786403994,tracking,0.003290057197127981,0
23,0.23000000000000007,1.0038172006607056,1.8729997873306274,-0.0001972471218323335,0.055130813270807266,0.152,-0.00728058742994056,tracking,0.152,-0.00728058742994056,tracking,0.00381720068900065,0
24,0.24000000000000007,1.004393458366394,1.872999668121338,-0.00022529775742441416,0.060117341578006744,0.16,-0.009331622180712465,tracking,0.16,-0.009331622180712465,tracking,0.004393458407019421,0
25,0.25000000000000006,1.005020260810852,1.8729995489120483,-0.0002566796028986573,0.06524716317653656,0.16799999999999998,-0.00920006779321658,tracking,0.16799999999999998,-0.00920006779321658,tracking,0.005020260862813421,0
26,0.26000000000000006,1.0056990385055542,1.8729993104934692,-0.00028977287001907825,0.07051345705986023,0.176,-0.008386174600667692,tracking,0.176,-0.008386174600667692,tracking,0.005699038599387465,0
27,0.2700000000000001,1.0064311027526855,1.8729990720748901,-0.00032637722324579954,0.07590974122285843,0.184,-0.007311131044906542,tracking,0.184,-0.007311131044906542,tracking,0.0064311028853428764,0
28,0.2800000000000001,1.0072177648544312,1.872998833656311,-0.00036477865069173276,0.08142983168363571,0.192,-0.008658820854058509,tracking,0.192,-0.008658820854058509,tracking,0.007217765023217982,0
29,0.2900000000000001,1.0080602169036865,1.8729984760284424,-0.0004068543203175068,0.08706784248352051,0.2,-0.009201878801342904,tracking,0.2,-0.009201878801342904,tracking,0.008060217148381345,0
30,0.3000000000000001,1.0089596509933472,1.8729981184005737,-0.00045080477138981223,0.09281816333532333,0.20799999999999996,-0.008658485715243774,tracking,0.20799999999999996,-0.008658485715243774,tracking,0.008959651309140967,0
31,0.3100000000000001,1.009917140007019,1.8729976415634155,-0.0004985774867236614,0.09867545962333679,0.21599999999999997,-0.008447293697665517,tracking,0.21599999999999997,-0.008447293697665517,tracking,0.009917140441547187,0
32,0.3200000000000001,1.0109336376190186,1.8729970455169678,-0.0005482954438775778,0.10463464260101318,0.22399999999999998,-0.010229374453302924,tracking,0.22399999999999998,-0.010229374453302924,tracking,0.010933638228299366,0
33,0.3300000000000001,1.0120102167129517,1.87299644947052,-0.0006019699503667653,0.11069086194038391,0.23199999999999998,-0.007567290113523333,tracking,0.23199999999999998,-0.007567290113523333,tracking,0.012010217487232583,0
34,0.34000000000000014,1.0131478309631348,1.8729957342147827,-0.0006576536688953638,0.11683951318264008,0.24,-0.007284762520272344,tracking,0.24,-0.007284762520272344,tracking,0.013147831962268146,0
35,0.35000000000000014,1.0143474340438843,1.8729948997497559,-0.0007174157071858644,0.1230761930346489,0.248,-0.0075735525491148455,tracking,0.248,-0.0075735525491148455,tracking,0.014347435333251906,0
36,0.36000000000000015,1.0156097412109375,1.8729939460754395,-0.000779244932346046,0.1293967217206955,0.256,-0.007726617486320019,tracking,0.256,-0.007726617486320019,tracking,0.015609742860556023,0
37,0.37000000000000016,1.0169357061386108,1.8729928731918335,-0.0008452630136162043,0.13579711318016052,0.26399999999999996,-0.007508478516835742,tracking,0.26399999999999996,-0.007508478516835742,tracking,0.016935708222282714,0
38,0.38000000000000017,1.0183260440826416,1.872991681098938,-0.0009134009596891701,0.14227356016635895,0.27199999999999996,-0.005989115530435699,tracking,0.27199999999999996,-0.005989115530435699,tracking,0.018326046677370957,0
39,0.3900000000000002,1.019781470298767,1.872990369796753,-0.0009858279954642057,0.14882245659828186,0.27999999999999997,-0.007773050168685111,tracking,0.27999999999999997,-0.007773050168685111,tracking,0.019781473484221365,0
40,0.4000000000000002,1.0213028192520142,1.8729888200759888,-0.001060422626323998,0.1554403454065323,0.288,-0.007630067751711864,tracking,0.288,-0.007630067751711864,tracking,0.021302823226779073,0
41,0.4100000000000002,1.0228906869888306,1.872987151145935,-0.0011393972672522068,0.16212396323680878,0.296,-0.006403496414789883,tracking,0.296,-0.006403496414789883,tracking,0.02289069184066058,0
42,0.4200000000000002,1.024545669555664,1.8729851245880127,-0.001220582751557231,0.16887016594409943,0.304,-0.004663521550521763,tracking,0.304,-0.004663521550521763,tracking,0.02454567564827315,0
43,0.4300000000000002,1.0262683629989624,1.8729829788208008,-0.001306230784393847,0.17567598819732666,0.31199999999999994,-0.004479305650819667,tracking,0.31199999999999994,-0.004479305650819667,tracking,0.026268370427942497,0
44,0.4400000000000002,1.028059482574463,1.8729804754257202,-0.001394128892570734,0.18253859877586365,0.31999999999999995,-0.006103918727235684,tracking,0.31999999999999995,-0.006103918727235684,tracking,0.02805949175290292,0
45,0.45000000000000023,1.0299195051193237,1.87297785282135,-0.0014865644043311477,0.1894552856683731,0.32799999999999996,-0.0064179909066168,tracking,0.32799999999999996,-0.0064179909066168,tracking,0.029919516146679592,0
46,0.46000000000000024,1.0318489074707031,1.8729748725891113,-0.0015812857309356332,0.1964234858751297,0.33599999999999997,-0.009090008401250502,tracking,0.33599999999999997,-0.009090008401250502,tracking,0.03184892079975073,0
47,0.47000000000000025,1.0338481664657593,1.8729716539382935,-0.0016806122148409486,0.20344075560569763,0.344,-0.007066380256217696,tracking,0.344,-0.007066380256217696,tracking,0.033848182385693405,0
48,0.48000000000000026,1.03591787815094,1.872968077659607,-0.0017822568770498037,0.21050474047660828,0.352,-0.005458159305134081,tracking,0.352,-0.005458159305134081,tracking,0.035917897160618356,0
49,0.49000000000000027,1.0380585193634033,1.8729641437530518,-0.0018885682802647352,0.21761323511600494,0.35999999999999993,-0.004568240219300173,tracking,0.35999999999999993,-0.004568240219300173,tracking,0.03805854198779485,0
50,0.5000000000000002,1.040270447731018,1.872959852218628,-0.001997227082028985,0.2247641235589981,0.36799999999999994,-0.005132891727641039,tracking,0.36799999999999994,-0.005132891727641039,tracking,0.04027047451857569,0
51,0.5100000000000002,1.0425540208816528,1.8729552030563354,-0.00211060862056911,0.2319553941488266,0.37599999999999995,-0.0033622529593488673,tracking,0.37599999999999995,-0.0033622529593488673,tracking,0.04255405240185666,0
52,0.5200000000000002,1.044908046722412,1.8729500770568848,-0.0022263075225055218,0.23884046077728271,0.37675166102344587,-0.00467760812623798,tracking,0.37675166102344587,-0.00467760812623798,tracking,0.04490808382365901,0
53,0.5300000000000002,1.0473295450210571,1.8729445934295654,-0.0023464527912437916,0.24545815587043762,0.37801393172613285,-0.002859938314368712,tracking,0.37801393172613285,-0.002859938314368712,tracking,0.04732958833129663,0
54,0.5400000000000003,1.0498155355453491,1.8729385137557983,-0.002468721941113472,0.25174227356910706,0.37761612517842885,-0.0034327797430624358,tracking,0.37761612517842885,-0.0034327797430624358,tracking,0.049815586289723525,0
55,0.5500000000000003,1.0523630380630493,1.8729320764541626,-0.0025950446724891663,0.2577681243419647,0.37846898095107756,-0.002204667430448332,tracking,0.37846898095107756,-0.002204667430448332,tracking,0.05236309694064163,0
56,0.5600000000000003,1.054969310760498,1.872925043106079,-0.002723301062360406,0.263488233089447,0.3780647126900409,-0.002786813726341106,tracking,0.3780647126900409,-0.002786813726341106,tracking,0.054969379128251394,0
57,0.5700000000000003,1.057631492614746,1.872917652130127,-0.0028552396688610315,0.26895105838775635,0.37837419770107206,-0.0023411553104562607,tracking,0.37837419770107206,-0.0023411553104562607,tracking,0.057631571242208066,0
58,0.5800000000000003,1.060347080230713,1.872909665107727,-0.0029889375437051058,0.2741738557815552,0.37878936720337986,-0.0017433112271330199,tracking,0.37878936720337986,-0.0017433112271330199,tracking,0.060347170603770636,0
59,0.5900000000000003,1.0631134510040283,1.8729013204574585,-0.0031259742099791765,0.2790909707546234,0.37758327235630823,-0.0034800878069161777,tracking,0.37758327235630823,-0.0034800878069161777,tracking,0.06311355396271456,0
60,0.6000000000000003,1.0659282207489014,1.8728922605514526,-0.0032646050676703453,0.2838563919067383,0.3793103505867598,0.0009930951550658597,tracking,0.3793103505867598,0.0009930951550658597,tracking,0.06592833828812024,0
61,0.6100000000000003,1.0687894821166992,1.8728828430175781,-0.00340630323626101,0.28840604424476624,0.37953771654873664,-0.0006656881698192179,tracking,0.37953771654873664,-0.0006656881698192179,tracking,0.06878961515427576,0
62,0.6200000000000003,1.0716949701309204,1.8728727102279663,-0.0035494572948664427,0.2927003502845764,0.37871741894507166,-0.0018469167190967844,tracking,0.37871741894507166,-0.0018469167190967844,tracking,0.07169512083732102,0
63,0.6300000000000003,1.0746424198150635,1.8728621006011963,-0.003695372026413679,0.2967902719974518,0.37871332824748855,-0.0018528073236164684,tracking,0.37871332824748855,-0.0018528073236164684,tracking,0.07464258961658489,0
64,0.6400000000000003,1.077629804611206,1.872850775718689,-0.003842603415250778,0.300697922706604,0.37897005687977847,-0.0014831180931189937,tracking,0.37897005687977847,-0.0014831180931189937,tracking,0.0776299958784093,0
65,0.6500000000000004,1.0806554555892944,1.8728389739990234,-0.003992354031652212,0.3044402003288269,0.3793995530849512,-0.0008646435576702208,tracking,0.3793995530849512,-0.0008646435576702208,tracking,0.08065566987304161,0
66,0.6600000000000004,1.0837175846099854,1.8728264570236206,-0.0041433051228523254,0.30799123644828796,0.3791200077918042,-0.0012671887798019563,tracking,0.3791200077918042,-0.0012671887798019563,tracking,0.08371782447626314,0
67,0.6700000000000004,1.086814522743225,1.8728134632110596,-0.004296544939279556,0.31139037013053894,0.37947649750005025,-0.0007538435999276602,tracking,0.37947649750005025,-0.0007538435999276602,tracking,0.08681478986843001,0
68,0.6800000000000004,1.08994460105896,1.8727996349334717,-0.004450879525393248,0.3146425187587738,0.37978475188933053,-0.00030995727936401415,tracking,0.37978475188933053,-0.00030995727936401415,tracking,0.08994489872977887,0
69,0.6900000000000004,1.0931062698364258,1.8727856874465942,-0.0042944662272930145,0.317702978849411,0.37900530849379416,0.0014323557689364507,tracking,0.37900530849379416,0.0014323557689364507,tracking,0.09310659827129011,0
70,0.7000000000000004,1.0962979793548584,1.8727723360061646,-0.004137066192924976,0.320636510848999,0.3793964541476031,-0.0008691060274515286,tracking,0.3793964541476031,-0.0008691060274515286,tracking,0.09629833571522484,0
71,0.7100000000000004,1.0995179414749146,1.8727588653564453,-0.0042963288724422455,0.32335925102233887,0.37789715081874314,-0.003028102821009909,tracking,0.37789715081874314,-0.003028102821009909,tracking,0.09951832601225996,0
72,0.7200000000000004,1.1027649641036987,1.8727445602416992,-0.004456481896340847,0.326045960187912,0.37986214311297684,0.00019851391731335634,tracking,0.37986214311297684,0.00019851391731335634,tracking,0.10276538015226816,0
73,0.7300000000000004,1.1060380935668945,1.8727301359176636,-0.004294604528695345,0.32859572768211365,0.37966895489855573,0.00047670494607971944,tracking,0.37966895489855573,0.00047670494607971944,tracking,0.10603854139851991,0
74,0.7400000000000004,1.109336018562317,1.8727163076400757,-0.004131912719458342,0.33099308609962463,0.3790130922120605,-0.0014211472146329184,tracking,0.3790130922120605,-0.0014211472146329184,tracking,0.10933649538496251,0
75,0.7500000000000004,1.1126573085784912,1.8727023601531982,-0.00429614307358861,0.33326756954193115,0.3788266514852884,-0.0016896218611847716,tracking,0.3788266514852884,-0.0016896218611847716,tracking,0.11265781468667523,0
76,0.7600000000000005,1.116000771522522,1.872687578201294,-0.004461102653294802,0.3354235291481018,0.37860840300135534,-0.002003899678048352,tracking,0.37860840300135534,-0.002003899678048352,tracking,0.11600131030716121,0
77,0.7700000000000005,1.1193654537200928,1.872672438621521,-0.004627465270459652,0.33752840757369995,0.37969041255224933,-0.0004458059247609836,tracking,0.37969041255224933,-0.0004458059247609836,tracking,0.11936602656526167,0
78,0.7800000000000005,1.1227506399154663,1.8726563453674316,-0.004794501233845949,0.33951228857040405,0.3792505413084154,0.0010792205158818482,tracking,0.3792505413084154,0.0010792205158818482,tracking,0.12275125101427162,0
79,0.7900000000000005,1.126154899597168,1.8726402521133423,-0.004626206588000059,0.3413521349430084,0.37820540302513617,0.0025842196438038926,tracking,0.37820540302513617,0.0025842196438038926,tracking,0.1261555487352835,0
80,0.8000000000000005,1.129577398300171,1.8726247549057007,-0.0044573103077709675,0.34316501021385193,0.37947754150514723,0.0007523402325880189,tracking,0.37947754150514723,0.0007523402325880189,tracking,0.12957808252408698,0
81,0.8100000000000005,1.1330174207687378,1.872609257698059,-0.0046273586340248585,0.34485095739364624,0.37862159897658454,-0.0019848974737182584,tracking,0.37862159897658454,-0.0019848974737182584,tracking,0.1330181398997262,0
82,0.8200000000000005,1.1364742517471313,1.8725929260253906,-0.0047979592345654964,0.34652024507522583,0.37995687552497054,-6.209924404246281e-05,tracking,0.37995687552497054,-6.209924404246281e-05,tracking,0.13647500945710228,0
83,0.8300000000000005,1.1399470567703247,1.8725764751434326,-0.004626307636499405,0.34804239869117737,0.378531608644457,0.0021144835519819275,tracking,0.378531608644457,0.0021144835519819275,tracking,0.1399478534444755,0
84,0.8400000000000005,1.1434348821640015,1.872560739517212,-0.004454160109162331,0.34953323006629944,0.379395545250291,-0.0008704148395809186,tracking,0.379395545250291,-0.0008704148395809186,tracking,0.14343571433429164,0
85,0.8500000000000005,1.1469372510910034,1.8725448846817017,-0.0046272603794932365,0.3509361147880554,0.37903650974580577,-0.0013874259660396557,tracking,0.37903650974580577,-0.0013874259660396557,tracking,0.1469381191476503,0
86,0.8600000000000005,1.1504533290863037,1.8725281953811646,-0.004800815600901842,0.3522954285144806,0.37952342546680584,-0.0006862673277995661,tracking,0.37952342546680584,-0.0006862673277995661,tracking,0.15045423675117087,0
87,0.8700000000000006,1.1539826393127441,1.8725115060806274,-0.004626389127224684,0.3535826504230499,0.3793665336383103,0.0009121915608331834,tracking,0.3793665336383103,0.0009121915608331834,tracking,0.15398358643733254,0
88,0.8800000000000006,1.1575243473052979,1.8724955320358276,-0.004451553802937269,0.3547777831554413,0.3787169776201013,0.0018475522270541035,tracking,0.3787169776201013,0.0018475522270541035,tracking,0.15752533045329786,0
89,0.8900000000000006,1.1610779762268066,1.8724795579910278,-0.0046271709725260735,0.3559565544128418,0.37956820785933465,-0.0006217806825581113,tracking,0.37956820785933465,-0.0006217806825581113,tracking,0.1610789952773761,0
90,0.9000000000000006,1.1646431684494019,1.8724626302719116,-0.0048031676560640335,0.35708552598953247,0.3796994905820301,-0.000432733561876595,tracking,0.3796994905820301,-0.000432733561876595,tracking,0.16464422768659262,0
91,0.9100000000000006,1.1682193279266357,1.8724457025527954,-0.00462644686922431,0.35815441608428955,0.379564957554288,0.0006264611218253242,tracking,0.379564957554288,0.0006264611218253242,tracking,0.16822042722720612,0
92,0.9200000000000006,1.17180597782135,1.8724294900894165,-0.0044493828900158405,0.35917147994041443,0.3795437571584635,-0.0006569896918126004,tracking,0.3795437571584635,-0.0006569896918126004,tracking,0.17180711376372187,0
93,0.9300000000000006,1.1754025220870972,1.8724132776260376,-0.004627103451639414,0.3601483702659607,0.3797156700320066,-0.00040943515391049165,tracking,0.3797156700320066,-0.00040943515391049165,tracking,0.17540369457046692,0
94,0.9400000000000006,1.1790086030960083,1.8723961114883423,-0.0048051392659544945,0.3610849380493164,0.37984489373497615,0.0002233530216343583,tracking,0.37984489373497615,0.0002233530216343583,tracking,0.1790098164373917,0
95,0.9500000000000006,1.1826237440109253,1.8723784685134888,-0.004983770195394754,0.3619563579559326,0.37941126546084625,-0.0008477777363813787,tracking,0.37941126546084625,-0.0008477777363813787,tracking,0.1826250004035639,0
96,0.9600000000000006,1.1862472295761108,1.8723599910736084,-0.005162677261978388,0.362760990858078,0.37887812821247235,0.0016154953740398388,tracking,0.37887812821247235,0.0016154953740398388,tracking,0.18624853307995753,0
97,0.9700000000000006,1.1898784637451172,1.872341513633728,-0.004983262158930302,0.36350053548812866,0.37831392505391664,0.0024279479223600006,tracking,0.37831392505391664,0.0024279479223600006,tracking,0.18987981425964381,0
98,0.9800000000000006,1.1935173273086548,1.8723238706588745,-0.0048035974614322186,0.3642745912075043,0.37977956087292936,0.0003174323429817171,tracking,0.37977956087292936,0.0003174323429817171,tracking,0.19351872059377817,0
99,0.9900000000000007,1.1971635818481445,1.8723065853118896,-0.004623441956937313,0.3649913966655731,0.37934910945942807,0.0009372823784235592,tracking,0.37934910945942807,0.0009372823784235592,tracking,0.1971650161042888,0
100,1.0000000000000007,1.2008169889450073,1.8722901344299316,-0.004443051293492317,0.3657037019729614,0.3799713311978469,4.128307510052262e-05,tracking,0.3799713311978469,4.128307510052262e-05,tracking,0.20081846023920102,0
101,1.0100000000000007,1.2044771909713745,1.8722736835479736,-0.004623888060450554,0.3663462698459625,0.3792169125224884,-0.001127645967616683,tracking,0.3792169125224884,-0.001127645967616683,tracking,0.2044786992348596,0
102,1.0200000000000007,1.208143711090088,1.8722562789916992,-0.004804931581020355,0.3669600486755371,0.3792546471192148,0.0010733081483306683,tracking,0.3792546471192148,0.0010733081483306683,tracking,0.20814526066207026,0
103,1.0300000000000007,1.2118163108825684,1.8722388744354248,-0.004623486194759607,0.3675660192966461,0.379703626631038,0.0004267776513052889,tracking,0.379703626631038,0.0004267776513052889,tracking,0.2118179016946661,0
104,1.0400000000000007,1.2154947519302368,1.8722223043441772,-0.004441847559064627,0.3681347370147705,0.3795266239258244,0.0006816615468128451,tracking,0.3795266239258244,0.0006816615468128451,tracking,0.21549638006338,0
105,1.0500000000000007,1.2191789150238037,1.8722057342529297,-0.004623857792466879,0.36869439482688904,0.37990459334719984,-0.0001373855800322378,tracking,0.37990459334719984,-0.0001373855800322378,tracking,0.2191805804200279,0
106,1.0600000000000007,1.2228684425354004,1.8721882104873657,-0.004806047771126032,0.36922764778137207,0.37990928057129575,0.00013063597733414638,tracking,0.37990928057129575,0.00013063597733414638,tracking,0.22287014954679435,0
107,1.0700000000000007,1.2265630960464478,1.8721706867218018,-0.004623526707291603,0.36969998478889465,0.3791610879655991,0.0012080333295372923,tracking,0.3791610879655991,0.0012080333295372923,tracking,0.22656484461527485,0
108,1.0800000000000007,1.230262279510498,1.8721539974212646,-0.004440855700522661,0.3701358139514923,0.3788656536313299,-0.0016334587708849522,tracking,0.3788656536313299,-0.0016334587708849522,tracking,0.23026406572700303,0
109,1.0900000000000007,1.2339657545089722,1.8721373081207275,-0.004623815417289734,0.37057676911354065,0.3794090568455485,-0.0008509581424101624,tracking,0.3794090568455485,-0.0008509581424101624,tracking,0.23396757832952988,0
110,1.1000000000000008,1.2376736402511597,1.872119665145874,-0.004806919954717159,0.3710162341594696,0.3798186980459752,0.00026107481379573395,tracking,0.3798186980459752,0.00026107481379573395,tracking,0.23767550604614993,0
111,1.1100000000000008,1.2413856983184814,1.8721020221710205,-0.00462354626506567,0.3713943362236023,0.37896797457417664,0.0014861166131856767,tracking,0.37896797457417664,0.0014861166131856767,tracking,0.24138760604072582,0
112,1.1200000000000008,1.2451014518737793,1.8720853328704834,-0.00444004824385047,0.3717707097530365,0.3793093601588402,-0.0009945213712701274,tracking,0.3793093601588402,-0.0009945213712701274,tracking,0.2451033970758166,0
113,1.1300000000000008,1.2488209009170532,1.872069001197815,-0.004256307613104582,0.3721311688423157,0.379351162054869,0.0009343266409886503,tracking,0.379351162054869,0.0009343266409886503,tracking,0.24882288197416522,0
114,1.1400000000000008,1.2525439262390137,1.872053623199463,-0.004072451964020729,0.3724689185619354,0.3792340938308008,-0.0011029048836468085,tracking,0.3792340938308008,-0.0011029048836468085,tracking,0.25254593905548856,0
115,1.1500000000000008,1.2562698125839233,1.8720382452011108,-0.0042565022595226765,0.37272343039512634,0.3778215152857332,-0.0031370179885441465,tracking,0.3778215152857332,-0.0031370179885441465,tracking,0.25627185713537404,0
116,1.1600000000000008,1.2599985599517822,1.8720219135284424,-0.004440645687282085,0.3730340898036957,0.37925684423826184,-0.0010701442969029643,tracking,0.37925684423826184,-0.0010701442969029643,tracking,0.2600006402688972,0
117,1.1700000000000008,1.2637302875518799,1.872005581855774,-0.004256303422152996,0.3733266592025757,0.3791870505726747,0.0011706471753484288,tracking,0.3791870505726747,0.0011706471753484288,tracking,0.26373240360609623,0
118,1.1800000000000008,1.2674648761749268,1.8719902038574219,-0.0040718684904277325,0.37359699606895447,0.37901193199379574,-0.00142281792893411,tracking,0.37901193199379574,-0.00142281792893411,tracking,0.26746702389017124,0
119,1.1900000000000008,1.2712022066116333,1.8719747066497803,-0.004256482236087322,0.37387025356292725,0.3793439255529727,-0.0009447472037193289,tracking,0.3793439255529727,-0.0009447472037193289,tracking,0.2712043864570863,0
120,1.2000000000000008,1.2749422788619995,1.8719583749771118,-0.00444118632003665,0.3741460144519806,0.3796694492301525,0.0004759931085803956,tracking,0.3796694492301525,0.0004759931085803956,tracking,0.2749444943648199,0
121,1.2100000000000009,1.2786847352981567,1.8719420433044434,-0.004256323911249638,0.37435099482536316,0.3784568389127411,0.0022221519656527786,tracking,0.3784568389127411,0.0022221519656527786,tracking,0.27868698643562867,0
122,1.2200000000000009,1.2824293375015259,1.8719265460968018,-0.00407138979062438,0.37458154559135437,0.37919961118864665,0.0011525598883488086,tracking,0.37919961118864665,0.0011525598883488086,tracking,0.28243162070681216,0
123,1.2300000000000009,1.2861762046813965,1.8719110488891602,-0.004256473854184151,0.3748062252998352,0.379306718600939,-0.0009983252146478043,tracking,0.379306718600939,-0.0009983252146478043,tracking,0.2861785199351123,0
124,1.2400000000000009,1.289925217628479,1.8718945980072021,-0.004441625904291868,0.3749954402446747,0.37878577697008314,0.0017484811630802677,tracking,0.37878577697008314,0.0017484811630802677,tracking,0.28992756897572375,0
125,1.2500000000000009,1.2936762571334839,1.8718781471252441,-0.004256338346749544,0.375216543674469,0.3796456590057023,0.0005102510317887259,tracking,0.3796456590057023,0.0005102510317887259,tracking,0.2936786445547576,0
126,1.260000000000001,1.2974294424057007,1.8718626499176025,-0.004070979543030262,0.37542933225631714,0.37969172916773825,-0.00044390999845696916,tracking,0.37969172916773825,-0.00044390999845696916,tracking,0.29743186182145426,0
127,1.270000000000001,1.3011845350265503,1.871847152709961,-0.004256461746990681,0.37559184432029724,0.37884698876885714,-0.0016603361728457257,tracking,0.37884698876885714,-0.0016603361728457257,tracking,0.30118698642053265,0
128,1.280000000000001,1.3049412965774536,1.871830701828003,-0.004441999364644289,0.37576472759246826,0.3792277052694563,0.0011121044119829417,tracking,0.3792277052694563,0.0011121044119829417,tracking,0.30494378399051997,0
129,1.290000000000001,1.308699607849121,1.871814250946045,-0.00425635976716876,0.3759022653102875,0.3786574416239913,0.0019332840614525656,tracking,0.3786574416239913,0.0019332840614525656,tracking,0.3087021312664193,0
130,1.300000000000001,1.3124595880508423,1.8717987537384033,-0.004070665687322617,0.3760940432548523,0.3799354771598544,9.291288980971431e-05,tracking,0.3799354771598544,9.291288980971431e-05,tracking,0.31246214340480133,0
131,1.310000000000001,1.3162212371826172,1.8717832565307617,-0.004256470128893852,0.37623700499534607,0.37910078346016884,-0.0012948718173568467,tracking,0.37910078346016884,-0.0012948718173568467,tracking,0.3162238244590678,0
132,1.320000000000001,1.3199840784072876,1.8717668056488037,-0.004442314617335796,0.3763374984264374,0.3783507419709582,0.0023749315618201766,tracking,0.3783507419709582,0.0023749315618201766,tracking,0.3199867016446263,0
133,1.330000000000001,1.323748230934143,1.8717503547668457,-0.004256384912878275,0.3764958083629608,0.37966663448451626,0.0004800463422965813,tracking,0.37966663448451626,0.0004800463422965813,tracking,0.32375089011984237,0
134,1.340000000000001,1.3275138139724731,1.8717347383499146,-0.004070405848324299,0.37663769721984863,0.37947987326684,0.0007489824957503596,tracking,0.37947987326684,0.0007489824957503596,tracking,0.3275165055398019,0
135,1.350000000000001,1.3312809467315674,1.8717191219329834,-0.004256481770426035,0.3767896592617035,0.3798336901113986,-0.00023948623958601305,tracking,0.3798336901113986,-0.00023948623958601305,tracking,0.33128367066720454,0
136,1.360000000000001,1.3350492715835571,1.8717026710510254,-0.0044425977393984795,0.37688347697257996,0.37876240412375967,0.0017821380617861187,tracking,0.37876240412375967,0.0017821380617861187,tracking,0.3350520314277529,0
137,1.370000000000001,1.3388186693191528,1.8716861009597778,-0.004256412386894226,0.3769993782043457,0.37932123074376467,0.0009774277289788455,tracking,0.37932123074376467,0.0009774277289788455,tracking,0.33882146558383497,0
138,1.380000000000001,1.342589020729065,1.8716704845428467,-0.00407019630074501,0.37706974148750305,0.3784793292657388,0.002189765857336115,tracking,0.3784793292657388,0.002189765857336115,tracking,0.34259184933442377,0
139,1.390000000000001,1.3463603258132935,1.8716548681259155,-0.004256474319845438,0.3771880567073822,0.3795579461961438,-0.0006365574775529514,tracking,0.3795579461961438,-0.0006365574775529514,tracking,0.34636318675115085,0
140,1.400000000000001,1.3501325845718384,1.871638298034668,-0.0044427854008972645,0.37726932764053345,0.37889724265836316,0.0015879705719570193,tracking,0.37889724265836316,0.0015879705719570193,tracking,0.3501354819025597,0
141,1.410000000000001,1.353905439376831,1.8716217279434204,-0.004256438463926315,0.3772973418235779,0.3778583366080576,0.0030839952843970675,tracking,0.3778583366080576,0.0030839952843970675,tracking,0.35390837309466694,0
142,1.420000000000001,1.3576788902282715,1.8716061115264893,-0.004070069175213575,0.37740471959114075,0.37955573271324816,0.00063974489292269,tracking,0.37955573271324816,0.00063974489292269,tracking,0.35768185626022025,0
143,1.430000000000001,1.3614535331726074,1.8715909719467163,-0.0038836270105093718,0.3775191903114319,0.3798122814607338,0.0002703146965433185,tracking,0.3798122814607338,0.0002703146965433185,tracking,0.3614565295658324,0
144,1.440000000000001,1.3652291297912598,1.8715767860412598,-0.0036971536464989185,0.3775945007801056,0.3791028018861098,0.001291965284001934,tracking,0.3791028018861098,0.001291965284001934,tracking,0.36523215283447197,0
145,1.450000000000001,1.369005560874939,1.8715626001358032,-0.0038836828898638487,0.37768837809562683,0.37956880436488033,-0.0006209217145723301,tracking,0.37956880436488033,-0.0006209217145723301,tracking,0.3690086105622497,0
146,1.460000000000001,1.3727827072143555,1.8715474605560303,-0.004070237744599581,0.37775105237960815,0.37900647310283436,0.0014306787319185478,tracking,0.37900647310283436,0.0014306787319185478,tracking,0.3727857872428199,0
147,1.470000000000001,1.3765603303909302,1.8715323209762573,-0.003883655183017254,0.3777725398540497,0.3782028839390881,0.0025878471277132184,tracking,0.3782028839390881,0.0025878471277132184,tracking,0.37656344075671844,0
148,1.480000000000001,1.380338430404663,1.8715181350708008,-0.003697054460644722,0.3778614103794098,0.3796412215824842,0.0005166409212227791,tracking,0.3796412215824842,0.0005166409212227791,tracking,0.38034156740278025,0
149,1.490000000000001,1.3841172456741333,1.8715039491653442,-0.003883698722347617,0.37790411710739136,0.3787593298701361,-0.001786564987003995,tracking,0.3787593298701361,-0.001786564987003995,tracking,0.3841204092995384,0
150,1.500000000000001,1.3878965377807617,1.8714888095855713,-0.0040703583508729935,0.3779565989971161,0.379007952655852,0.0014285481755730578,tracking,0.379007952655852,0.0014285481755730578,tracking,0.38789973173009384,0
151,1.5100000000000011,1.3916765451431274,1.8714736700057983,-0.003883650992065668,0.3780483901500702,0.3798870404530231,0.00016266174764681396,tracking,0.3798870404530231,0.00016266174764681396,tracking,0.39167976941064875,0
152,1.5200000000000011,1.3954572677612305,1.8714594841003418,-0.0036969210486859083,0.37809452414512634,0.3790185635619774,0.001413268470752604,tracking,0.3790185635619774,0.001413268470752604,tracking,0.39546051864260656,0
153,1.5300000000000011,1.3992382287979126,1.8714452981948853,-0.0038836703170090914,0.3781068027019501,0.3783530555117945,-0.0023716000630159655,tracking,0.3783530555117945,-0.0023716000630159655,tracking,0.39924150629146526,0
154,1.5400000000000011,1.4030194282531738,1.8714301586151123,-0.004070428665727377,0.3781486451625824,0.3789869649796047,0.0014587704293692431,tracking,0.3789869649796047,0.0014587704293692431,tracking,0.4030227360553574,0
155,1.5500000000000012,1.4068011045455933,1.8714150190353394,-0.003883643075823784,0.3781898021697998,0.37901435627257724,0.0014193269674887803,tracking,0.37901435627257724,0.0014193269674887803,tracking,0.40680444265258603,0
156,1.5600000000000012,1.4105833768844604,1.8714008331298828,-0.0036968367639929056,0.37827569246292114,0.3799961099824992,5.601625201136565e-06,tracking,0.3799961099824992,5.601625201136565e-06,tracking,0.4105867415944035,0
157,1.5700000000000012,1.414366364479065,1.8713871240615845,-0.0035099834203720093,0.3783320486545563,0.37946094967104144,0.0007762324737003012,tracking,0.37946094967104144,0.0007762324737003012,tracking,0.41436975402889076,0
158,1.5800000000000012,1.4181499481201172,1.8713743686676025,-0.003323110518977046,0.3783951997756958,0.37966046951852445,0.0004889238933247896,tracking,0.37966046951852445,0.0004889238933247896,tracking,0.41815335917067203,0
159,1.5900000000000012,1.4219340085983276,1.8713616132736206,-0.003510013921186328,0.3784242272377014,0.3790053839249448,-0.0014322471480794786,tracking,0.3790053839249448,-0.0014322471480794786,tracking,0.4219374411469022,0
160,1.6000000000000012,1.4257185459136963,1.8713479042053223,-0.003696933388710022,0.3784940838813782,0.3798932950889312,-0.00015365507193903713,tracking,0.3798932950889312,-0.00015365507193903713,tracking,0.425722003291982,0
161,1.6100000000000012,1.4295035600662231,1.871334195137024,-0.0035099817905575037,0.37852171063423157,0.3790751554951745,0.0013317760869487362,tracking,0.3790751554951745,0.0013317760869487362,tracking,0.42950704227109204,0
162,1.6200000000000012,1.4332890510559082,1.8713213205337524,-0.003323014359921217,0.3785896897315979,0.379951194824584,-7.027945259902892e-05,tracking,0.379951194824584,-7.027945259902892e-05,tracking,0.43329255515422904,0
163,1.6300000000000012,1.437075138092041,1.871308445930481,-0.003510019276291132,0.3786354959011078,0.37955314843494,-0.0006434662536864075,tracking,0.37955314843494,-0.0006434662536864075,tracking,0.4370786640803671,0
164,1.6400000000000012,1.440861701965332,1.8712947368621826,-0.0036970404908061028,0.37868911027908325,0.37976300277345,-0.0003412760062320441,tracking,0.37976300277345,-0.0003412760062320441,tracking,0.4408652527700806,0
165,1.6500000000000012,1.4446486234664917,1.8712810277938843,-0.003509996924549341,0.3787030279636383,0.37898185467607004,0.0014661292664591343,tracking,0.37898185467607004,0.0014661292664591343,tracking,0.44465219908531917,0
166,1.6600000000000013,1.44843590259552,1.8712681531906128,-0.0033229414839297533,0.37876176834106445,0.3799383331853814,-8.880021305081136e-05,tracking,0.3799383331853814,-8.880021305081136e-05,tracking,0.44843950009746264,0
167,1.6700000000000013,1.4522234201431274,1.8712552785873413,-0.0035100094974040985,0.37874138355255127,0.37865462177906645,-0.0019373446381443279,tracking,0.37865462177906645,-0.0019373446381443279,tracking,0.4522270395268077,0
168,1.6800000000000013,1.4560104608535767,1.871241569519043,-0.0036970616783946753,0.37866559624671936,0.37834292623162036,0.0023861862264667162,tracking,0.37834292623162036,0.0023861862264667162,tracking,0.45601410505055473,0
169,1.6900000000000013,1.4597971439361572,1.8712278604507446,-0.003510029288008809,0.37868088483810425,0.37898739655684727,0.001458148958139933,tracking,0.37898739655684727,0.001458148958139933,tracking,0.45980081294877656,0
170,1.7000000000000013,1.4635837078094482,1.8712149858474731,-0.0033230020198971033,0.37863510847091675,0.37844022151329365,0.0022460810208571377,tracking,0.37844022151329365,0.0022460810208571377,tracking,0.46358739870931626,0
171,1.7100000000000013,1.4673702716827393,1.8712021112442017,-0.00351002998650074,0.37868303060531616,0.3796430552070188,-0.0005140005018929045,tracking,0.3796430552070188,-0.0005140005018929045,tracking,0.46737398446985595,0
172,1.7200000000000013,1.471157431602478,1.8711884021759033,-0.003697076113894582,0.3787453770637512,0.37999407765847376,-8.52817179780932e-06,tracking,0.37999407765847376,-8.52817179780932e-06,tracking,0.4711611692021115,0
173,1.7300000000000013,1.4749443531036377,1.871174693107605,-0.003510045353323221,0.37863636016845703,0.37817216996047076,0.0026320752569221487,tracking,0.37817216996047076,0.0026320752569221487,tracking,0.47494811551735006,0
174,1.7400000000000013,1.4787307977676392,1.8711618185043335,-0.003323030425235629,0.37864992022514343,0.3789212531626322,0.0015533954458096712,tracking,0.3789212531626322,0.0015533954458096712,tracking,0.47873458206928926,0
175,1.7500000000000013,1.4825174808502197,1.8711494207382202,-0.003135995240882039,0.37869754433631897,0.3796513906469628,0.0005019974683735627,tracking,0.3796513906469628,0.0005019974683735627,tracking,0.48252128544722983,0
176,1.7600000000000013,1.486304521560669,1.8711379766464233,-0.0029489477165043354,0.37872514128685,0.3792781807374168,-0.0010394197381197665,tracking,0.3792781807374168,-0.0010394197381197665,tracking,0.48630834344914065,0
177,1.7700000000000014,1.4900918006896973,1.8711265325546265,-0.003136006183922291,0.3787307143211365,0.3788425720054622,-0.0016666963121344993,tracking,0.3788425720054622,-0.0016666963121344993,tracking,0.49009563986854204,0
178,1.7800000000000014,1.4938793182373047,1.8711141347885132,-0.003323073498904705,0.37877804040908813,0.3797259788934608,-0.0003945903934164368,tracking,0.3797259788934608,-0.0003945903934164368,tracking,0.493883177707038,0
179,1.7900000000000014,1.4976673126220703,1.8711012601852417,-0.0035101722460240126,0.3788262605667114,0.37979229165678796,-0.00029910001422536227,tracking,0.37979229165678796,-0.00029910001422536227,tracking,0.4976711939707868,0
180,1.8000000000000014,1.5014556646347046,1.8710874319076538,-0.0036972826346755028,0.37884873151779175,0.3792985829476183,0.0010100405554296574,tracking,0.3792985829476183,0.0010100405554296574,tracking,0.5014595712213904,0
181,1.8100000000000014,1.5052441358566284,1.871073603630066,-0.0035101657267659903,0.3788462281227112,0.3788355416695335,0.0016768199958717856,tracking,0.3788355416695335,0.0016768199958717856,tracking,0.5052480676804895,0
182,1.8200000000000014,1.5090327262878418,1.8710607290267944,-0.0033230434637516737,0.3788816034793854,0.3795898788599884,0.0005905744416167102,tracking,0.3795898788599884,0.0005905744416167102,tracking,0.5090366799872439,0
183,1.8300000000000014,1.5128216743469238,1.871047854423523,-0.003510189475491643,0.3789180517196655,0.379648352552213,-0.0005063723248132437,tracking,0.379648352552213,-0.0005063723248132437,tracking,0.5128256499198022,0
184,1.8400000000000014,1.516610860824585,1.871034026145935,-0.003697343170642853,0.3789285719394684,0.37913951046699745,0.0012391049275236581,tracking,0.37913951046699745,0.0012391049275236581,tracking,0.5166148616298747,0
185,1.8500000000000014,1.520399570465088,1.8710198402404785,-0.0038844645023345947,0.3788197934627533,0.3783566581897434,-0.0023664122067694783,tracking,0.3783566581897434,-0.0023664122067694783,tracking,0.5204035978281278,0
186,1.8600000000000014,1.524186611175537,1.8710047006607056,-0.004071532282978296,0.3786029815673828,0.37767994412798667,0.0033408804556992085,tracking,0.37767994412798667,0.0033408804556992085,tracking,0.5241906688004593,0
187,1.8700000000000014,1.5279710292816162,1.8709895610809326,-0.0038846421521157026,0.3782804608345032,0.3769073557398596,0.004453407734602192,tracking,0.3769073557398596,0.004453407734602192,tracking,0.5279751171893919,0
188,1.8800000000000014,1.5317540168762207,1.870975375175476,-0.0036977995187044144,0.37831491231918335,0.3790048643450661,0.0014329953431048079,tracking,0.3790048643450661,0.0014329953431048079,tracking,0.5317581313819169,0
189,1.8900000000000015,1.5355372428894043,1.8709616661071777,-0.00351093546487391,0.37834522128105164,0.3789526075428486,0.001508245138298052,tracking,0.3789526075428486,0.001508245138298052,tracking,0.5355413822334179,0
190,1.9000000000000015,1.539320945739746,1.8709489107131958,-0.0033240588381886482,0.3783915638923645,0.3793196938802283,-0.0009796408124712747,tracking,0.3793196938802283,-0.0009796408124712747,tracking,0.5393251065838113,0
191,1.9100000000000015,1.5431052446365356,1.8709362745285034,-0.0033240588381886482,0.37846535444259644,0.37994339873205113,-8.150582584638688e-05,tracking,0.37994339873205113,-8.150582584638688e-05,tracking,0.543109426577338,0
192,1.9200000000000015,1.5468902587890625,1.870923638343811,-0.0033240588381886482,0.37853527069091797,0.37993574164952965,-9.253202467729253e-05,tracking,0.37993574164952965,-9.253202467729253e-05,tracking,0.5468944618226154,0
193,1.9300000000000015,1.550675868988037,1.8709112405776978,-0.0031370765063911676,0.3785945773124695,0.3797825193018696,0.0003131722053077157,tracking,0.3797825193018696,0.0003131722053077157,tracking,0.5506800923227019,0
194,1.9400000000000015,1.5544612407684326,1.8708997964859009,-0.0029501025564968586,0.37848395109176636,0.3780129632386073,-0.002861332936405484,tracking,0.3780129632386073,-0.002861332936405484,tracking,0.5544654814021825,0
195,1.9500000000000015,1.558246374130249,1.8708888292312622,-0.002763143740594387,0.3785482943058014,0.3798371906465623,0.0002344454689503228,tracking,0.3798371906465623,0.0002344454689503228,tracking,0.5582506306525306,0
196,1.9600000000000015,1.5620319843292236,1.87087881565094,-0.0025761707220226526,0.3785712718963623,0.3790312443831488,-0.0013950080882657867,tracking,0.3790312443831488,-0.0013950080882657867,tracking,0.5620362540952902,0
197,1.9700000000000015,1.5658177137374878,1.8708688020706177,-0.002763153752312064,0.37857815623283386,0.378716089531823,-0.0018488310741748603,tracking,0.378716089531823,-0.0018488310741748603,tracking,0.5658219967469224,0
198,1.9800000000000015,1.5696038007736206,1.870857834815979,-0.0029501484241336584,0.3786427080631256,0.3799355969975765,-9.274032348987292e-05,tracking,0.3799355969975765,-9.274032348987292e-05,tracking,0.5696080996675846,0
199,1.9900000000000015,1.5733904838562012,1.8708463907241821,-0.0031371843069791794,0.37870314717292786,0.3799136750939931,-0.0001243078646499824,tracking,0.3799136750939931,-0.0001243078646499824,tracking,0.5733948000432598,0
200,2.0000000000000013,1.5771775245666504,1.8708339929580688,-0.0033242320641875267,0.37871497869491577,0.3789519209730638,0.0015092337987881376,tracking,0.3789519209730638,0.0015092337987881376,tracking,0.5771818610471524,0
201,2.010000000000001,1.5809646844863892,1.8708215951919556,-0.0031371749937534332,0.37873172760009766,0.3790670702608837,0.0013434188243274924,tracking,0.3790670702608837,0.0013434188243274924,tracking,0.5809690412596958,0
202,2.020000000000001,1.584752082824707,1.8708101511001587,-0.0029501118697226048,0.3787507712841034,0.37913241706003775,0.0012493194335456807,tracking,0.37913241706003775,0.0012493194335456807,tracking,0.5847564568878426,0
203,2.0300000000000007,1.588539719581604,1.8707987070083618,-0.0031371882651001215,0.3787720501422882,0.3791985426763312,-0.0011540985460831085,tracking,0.3791985426763312,-0.0011540985460831085,tracking,0.5885441109334801,0
204,2.0400000000000005,1.5923277139663696,1.8707863092422485,-0.003324277466163039,0.3788290023803711,0.3799697631119592,-4.3541118778812546e-05,tracking,0.3799697631119592,-4.3541118778812546e-05,tracking,0.5923321256065801,0
205,2.0500000000000003,1.5961161851882935,1.8707739114761353,-0.00313715822994709,0.3788628578186035,0.37954096352974864,0.0006610125171619304,tracking,0.37954096352974864,0.0006610125171619304,tracking,0.5961206171142847,0
206,2.06,1.5999048948287964,1.8707624673843384,-0.0029500285163521767,0.37889283895492554,0.37949328946443733,-0.000729663171210258,tracking,0.37949328946443733,-0.000729663171210258,tracking,0.5999093440386323,0
207,2.07,1.6036938428878784,1.8707510232925415,-0.0031371726654469967,0.3789069950580597,0.3791907119948707,-0.001165374727386221,tracking,0.3791907119948707,-0.001165374727386221,tracking,0.6036983093804714,0
208,2.0799999999999996,1.60748291015625,1.8707386255264282,-0.003324319841340184,0.3789115846157074,0.3790032208041762,0.0014353620419862807,tracking,0.3790032208041762,0.0014353620419862807,tracking,0.6074873969314326,0
209,2.0899999999999994,1.6112715005874634,1.870726227760315,-0.003137208055704832,0.3787994384765625,0.37832188011291207,0.0024164926374066276,tracking,0.37832188011291207,0.0024164926374066276,tracking,0.6112760076477884,0
210,2.099999999999999,1.615059733390808,1.870714783668518,-0.002950105583295226,0.3788542151451111,0.37995136027809245,7.004119954690663e-05,tracking,0.37995136027809245,7.004119954690663e-05,tracking,0.6150642577371535,0
211,2.109999999999999,1.6188483238220215,1.8707033395767212,-0.003137232270091772,0.37887319922447205,0.3792535736096911,-0.0010748540020448175,tracking,0.3792535736096911,-0.0010748540020448175,tracking,0.6188528654527554,0
212,2.1199999999999988,1.622637152671814,1.870690941810608,-0.0033243645448237658,0.3788875639438629,0.379175080592272,0.0011878839471283348,tracking,0.379175080592272,0.0011878839471283348,tracking,0.6226417145864138,0
213,2.1299999999999986,1.6264262199401855,1.8706785440444946,-0.0031372143421322107,0.37892815470695496,0.37974097473495716,0.00037299638166172523,tracking,0.37974097473495716,0.00037299638166172523,tracking,0.626430802137375,0
214,2.1399999999999983,1.6302156448364258,1.8706670999526978,-0.0029500508680939674,0.37896817922592163,0.3797700592164151,0.00033111472836223205,tracking,0.3797700592164151,0.00033111472836223205,tracking,0.6302202443141977,0
215,2.149999999999998,1.6340054273605347,1.8706556558609009,-0.0031372332014143467,0.37898510694503784,0.3793243152099124,-0.0009729860977261452,tracking,0.3793243152099124,-0.0009729860977261452,tracking,0.6340100441172583,0
216,2.159999999999998,1.6377954483032227,1.8706432580947876,-0.003324422985315323,0.3790135979652405,0.3795841235537634,0.0005988620825807048,tracking,0.3795841235537634,0.0005988620825807048,tracking,0.6378000853374323,0
217,2.1699999999999977,1.6415852308273315,1.8706308603286743,-0.0031372420489788055,0.37895843386650085,0.3787235784151352,0.0018380470822052675,tracking,0.3787235784151352,0.0018380470822052675,tracking,0.6415898881403028,0
218,2.1799999999999975,1.6453750133514404,1.8706194162368774,-0.0029500643722712994,0.3789937496185303,0.3797011960891717,0.000430277631592757,tracking,0.3797011960891717,0.000430277631592757,tracking,0.6453796879433634,0
219,2.1899999999999973,1.6491650342941284,1.8706084489822388,-0.0027628655079752207,0.37902265787124634,0.3796015872208914,0.0005737144019163955,tracking,0.3796015872208914,0.0005737144019163955,tracking,0.6491697247540933,0
220,2.199999999999997,1.652955412864685,1.8705984354019165,-0.0025756575632840395,0.3790486752986908,0.37956959486624137,-0.0006197833926124231,tracking,0.37956959486624137,-0.0006197833926124231,tracking,0.6529601165517741,0
221,2.209999999999997,1.6567440032958984,1.8705884218215942,-0.002762746997177601,0.37866267561912537,0.3770192292095106,-0.004292309938304756,tracking,0.3770192292095106,-0.004292309938304756,tracking,0.6567487202163546,0
222,2.2199999999999966,1.6605308055877686,1.8705774545669556,-0.0029497777577489614,0.3786931037902832,0.37930259271543365,-0.0010042664897755814,tracking,0.37930259271543365,-0.0010042664897755814,tracking,0.6605355383897539,0
223,2.2299999999999964,1.6643179655075073,1.870566487312317,-0.0027627190575003624,0.37874752283096313,0.3798375268872691,0.00023396128233257353,tracking,0.3798375268872691,0.00023396128233257353,tracking,0.664322714189522,0
224,2.239999999999996,1.6681056022644043,1.8705564737319946,-0.002575646387413144,0.37877747416496277,0.3793775883519841,-0.0008962727731428831,tracking,0.3793775883519841,-0.0008962727731428831,tracking,0.6681103641831181,0
225,2.249999999999996,1.6718934774398804,1.8705464601516724,-0.002762734657153487,0.37879475951194763,0.3791407786077665,-0.0012372788048162558,tracking,0.3791407786077665,-0.0012372788048162558,tracking,0.67189825259446,0
226,2.259999999999996,1.6756815910339355,1.8705354928970337,-0.0029498336371034384,0.3788429796695709,0.37980874912697726,-0.0002754012571527815,tracking,0.37980874912697726,-0.0002754012571527815,tracking,0.6756863820645468,0
227,2.2699999999999956,1.6794700622558594,1.870524525642395,-0.0027627134695649147,0.37885910272598267,0.3791823783914905,0.0011773751162536625,tracking,0.3791823783914905,0.0011773751162536625,tracking,0.6794748691610035,0
228,2.2799999999999954,1.6832588911056519,1.8705145120620728,-0.0025755842216312885,0.378898561000824,0.3796888729837035,-0.00044802290346690303,tracking,0.3796888729837035,-0.00044802290346690303,tracking,0.6832637112433303,0
229,2.289999999999995,1.6870478391647339,1.8705044984817505,-0.002762727439403534,0.37890079617500305,0.37894582329340065,-0.0015180144575030882,tracking,0.37894582329340065,-0.0015180144575030882,tracking,0.6870526725345304,0
230,2.299999999999995,1.6908369064331055,1.8704935312271118,-0.002949873451143503,0.378915935754776,0.3792190868654206,-0.0011245149137943545,tracking,0.3792190868654206,-0.0011245149137943545,tracking,0.6908417556749378,0
231,2.3099999999999947,1.6946260929107666,1.8704825639724731,-0.0027627197559922934,0.37892407178878784,0.3790871806699709,0.0013144598352419316,tracking,0.3790871806699709,0.0013144598352419316,tracking,0.6946309580241353,0
232,2.3199999999999945,1.6984155178070068,1.8704725503921509,-0.0025755581445991993,0.37896424531936646,0.37976919513252055,-0.00033235900917039964,tracking,0.37976919513252055,-0.00033235900917039964,tracking,0.6984203961508285,0
233,2.3299999999999943,1.7022045850753784,1.8704625368118286,-0.002762697171419859,0.37885522842407227,0.3783911014613025,-0.002316813895724389,tracking,0.3783911014613025,-0.002316813895724389,tracking,0.7022094766509018,0
234,2.339999999999994,1.705993413925171,1.87045156955719,-0.002949827117845416,0.3789096176624298,0.37999915714276006,-1.2137144255065097e-06,tracking,0.37999915714276006,-1.2137144255065097e-06,tracking,0.7059983213737289,0
235,2.349999999999994,1.709782600402832,1.8704406023025513,-0.002762674819678068,0.3789232671260834,0.37919680830301533,0.0011565960436579169,tracking,0.37919680830301533,0.0011565960436579169,tracking,0.7097875237229264,0
236,2.3599999999999937,1.7135719060897827,1.870430588722229,-0.002575516002252698,0.378949373960495,0.3794721302849026,0.0007601323897402593,tracking,0.3794721302849026,0.0007601323897402593,tracking,0.7135768426407463,0
237,2.3699999999999934,1.7173609733581543,1.8704205751419067,-0.0027626545634120703,0.37886127829551697,0.37848622513368246,-0.0021798358074972945,tracking,0.37848622513368246,-0.0021798358074972945,tracking,0.7173659231408196,0
238,2.3799999999999932,1.7211498022079468,1.870409607887268,-0.0029497849754989147,0.37890031933784485,0.37968213222081765,0.0004577296020226145,tracking,0.37968213222081765,0.0004577296020226145,tracking,0.7211547678636466,0
239,2.389999999999993,1.7249388694763184,1.8703986406326294,-0.002762636635452509,0.3789161443710327,0.3792329178793249,0.00110459825377217,tracking,0.3792329178793249,0.00110459825377217,tracking,0.724943851004054,0
240,2.399999999999993,1.7287282943725586,1.8703886270523071,-0.002575478283688426,0.37896108627319336,0.3798615502497468,0.0001993676403645797,tracking,0.3798615502497468,0.0001993676403645797,tracking,0.7287332891307472,0
241,2.4099999999999926,1.7325180768966675,1.870379090309143,-0.0023882968816906214,0.37898606061935425,0.37948635651662266,0.0007396466160633748,tracking,0.37948635651662266,0.0007396466160633748,tracking,0.7325230836541364,0
242,2.4199999999999924,1.7363065481185913,1.8703705072402954,-0.002201157622039318,0.3787054717540741,0.3775108114169672,-0.003584431559567223,tracking,0.3775108114169672,-0.003584431559567223,tracking,0.7363115645988445,0
243,2.429999999999992,1.7400916814804077,1.8703619241714478,-0.002388082444667816,0.378334641456604,0.3767557422542653,-0.004671731153857984,tracking,0.3767557422542653,-0.004671731153857984,tracking,0.740096707692019,0
244,2.439999999999992,1.74387526512146,1.8703523874282837,-0.0025749525520950556,0.3783726692199707,0.3791344515236812,-0.001246389805899092,tracking,0.3791344515236812,-0.001246389805899092,tracking,0.7438803033520107,0
245,2.4499999999999917,1.7476593255996704,1.8703423738479614,-0.0027618552558124065,0.3784335255622864,0.3796523185116184,-0.0005006613432695269,tracking,0.3796523185116184,-0.0005006613432695269,tracking,0.74766437707943,0
246,2.4599999999999915,1.751443862915039,1.8703314065933228,-0.0029487742576748133,0.3784714937210083,0.3792321371902691,0.0011057224460124995,tracking,0.3792321371902691,0.0011057224460124995,tracking,0.7514489302858326,0
247,2.4699999999999913,1.7552286386489868,1.870320439338684,-0.0027618384920060635,0.37848493456840515,0.37875394197622364,0.0017943235542380032,tracking,0.37875394197622364,0.0017943235542380032,tracking,0.7552337219098132,0
248,2.479999999999991,1.7590136528015137,1.8703104257583618,-0.00257489294745028,0.37853023409843445,0.37943781167660695,-0.0008095511856859843,tracking,0.37943781167660695,-0.0008095511856859843,tracking,0.7590187493082107,0
249,2.489999999999991,1.7627990245819092,1.8703004121780396,-0.002761861076578498,0.3785538077354431,0.3790257555202876,-0.0014029120507858747,tracking,0.3790257555202876,-0.0014029120507858747,tracking,0.7628041343332254,0
250,2.4999999999999907,1.7665847539901733,1.8702894449234009,-0.0029488408472388983,0.37860003113746643,0.3795261405292535,0.0006823576378749904,tracking,0.3795261405292535,0.0006823576378749904,tracking,0.7665898796275196,0
251,2.5099999999999905,1.7703708410263062,1.8702784776687622,-0.0027618405874818563,0.378616064786911,0.3789369081459366,0.0015308522698513167,tracking,0.3789369081459366,0.0015308522698513167,tracking,0.7703759825481818,0
252,2.5199999999999902,1.7741570472717285,1.87026846408844,-0.002574835205450654,0.3786313235759735,0.37993148556274214,-9.866078965135687e-05,tracking,0.3789369081459366,0.0015308522698513167,tracking,0.7741622020353044,0
253,2.52999999999999,1.7779433727264404,1.8702589273452759,-0.0023878200445324183,0.3786458671092987,0.3779694965299592,-0.0029239249968587688,tracking,0.3789369081459366,0.0015308522698513167,tracking,0.7779485395002524,0
254,2.53999999999999,1.7817299365997314,1.8702503442764282,-0.0022008002270013094,0.3786596953868866,0.3780636969976996,-0.0027882763233126042,tracking,0.3789369081459366,0.0015308522698513167,tracking,0.7817351131012251,0
255,2.5499999999999896,1.785516619682312,1.8702422380447388,-0.0020137715619057417,0.37867286801338196,0.3786788402131969,-0.0019024700929964498,tracking,0.3789369081459366,0.0015308522698513167,tracking,0.7855218048603856,0
256,2.5599999999999894,1.7893034219741821,1.8702350854873657,-0.0018267387058585882,0.3786854147911072,0.37829390723565615,-0.0024567735806551487,tracking,0.3789369081459366,0.0015308522698513167,tracking,0.7893086139071676,0
257,2.569999999999989,1.7930903434753418,1.8702284097671509,-0.0016396977007389069,0.37869736552238464,0.3771379044201048,-0.004121417635049063,tracking,0.3789369081459366,0.0015308522698513167,tracking,0.7930955412924214,0
258,2.579999999999989,1.796877384185791,1.8702226877212524,-0.0014526528539136052,0.37870875000953674,0.3778540034039274,-0.0030902350983445497,tracking,0.3789369081459366,0.0015308522698513167,tracking,0.7968825863257435,0
259,2.5899999999999888,1.8006645441055298,1.8702174425125122,-0.0012656006729230285,0.37871959805488586,0.37686101451749315,-0.004520139094809882,tracking,0.3789369081459366,0.0015308522698513167,tracking,0.8006697498777822,0
260,2.5999999999999885,1.804451823234558,1.8702131509780884,-0.001078544999472797,0.3787299394607544,0.3761362085864216,-0.005563859635552925,tracking,0.3789369081459366,0.0015308522698513167,tracking,0.804457031438274,0
261,2.6099999999999883,1.808239221572876,1.8702093362808228,-0.0008914827485568821,0.37873977422714233,0.37654366661395267,-0.004977120075908128,tracking,0.3789369081459366,0.0015308522698513167,tracking,0.8082444316976878,0
262,2.619999999999988,1.8120266199111938,1.8702064752578735,-0.0007044172962196171,0.37874916195869446,0.37616089490889365,-0.005528311331193125,tracking,0.3789369081459366,0.0015308522698513167,tracking,0.8120318311166222,0
263,2.629999999999988,1.8158141374588013,1.8702040910720825,-0.000517345848493278,0.37875810265541077,0.3768880900811346,-0.00448115028316614,tracking,0.3789369081459366,0.0015308522698513167,tracking,0.8158193494146343,0
264,2.6399999999999877,1.8196017742156982,1.870202660560608,-0.0003302715194877237,0.37876659631729126,0.3751664988804069,-0.006960241612214105,tracking,0.3789369081459366,0.0015308522698513167,tracking,0.8196069864416684,0
265,2.6499999999999875,1.8233895301818848,1.870201587677002,-0.00014319171896204352,0.3787747025489807,0.3759270160450117,-0.005865096895183117,tracking,0.3789369081459366,0.0015308522698513167,tracking,0.8233947425598023,0
266,2.6599999999999873,1.8271772861480713,1.8702014684677124,4.3890689994441345e-05,0.3787824213504791,0.373734341295772,-0.009022548534088373,tracking,0.3789369081459366,0.0015308522698513167,tracking,0.8271824985278647,0
267,2.669999999999987,1.8309651613235474,1.870201826095581,0.00023097805387806147,0.3787897527217865,0.374421123171638,-0.008033582632841256,tracking,0.3789369081459366,0.0015308522698513167,tracking,0.8309703737202233,0
268,2.679999999999987,1.8347530364990234,1.8702031373977661,0.00041806779336184263,0.3787967562675476,0.37567009322205114,-0.006235065760246384,tracking,0.3789369081459366,0.0015308522698513167,tracking,0.8347582491226754,0
269,2.6899999999999866,1.838541030883789,1.8702049255371094,0.0006051620002835989,0.37880343198776245,0.37467573142955557,-0.007666946741439972,tracking,0.3789369081459366,0.0015308522698513167,tracking,0.8385462439294905,0
270,2.6999999999999864,1.8423291444778442,1.870207667350769,0.000792258360888809,0.37880977988243103,0.37337594201135144,-0.009538643503653969,tracking,0.3789369081459366,0.0015308522698513167,tracking,0.8423343585157996,0
271,2.709999999999986,1.8461021184921265,1.8702106475830078,0.000792258302681148,0.3757907748222351,0.3732954635701526,-0.009654532458980316,tracking,0.3629369081459366,0.0,request_watchdog_timeout,0.8461073337071087,0
272,2.719999999999986,1.849832534790039,1.8702136278152466,0.0007922582444734871,0.3703027665615082,0.37317771612990963,-0.0098240887729301,tracking,0.3469369081459366,0.0,request_watchdog_timeout,0.8498377511954759,0
273,2.7299999999999858,1.853498101234436,1.8702164888381958,0.0007922581862658262,0.36281538009643555,0.3748068224197642,-0.007478175715539562,tracking,0.33093690814593657,0.0,request_watchdog_timeout,0.8535033187564057,0
274,2.7399999999999856,1.8570806980133057,1.870219349861145,0.0007922581280581653,0.3537088930606842,0.3745541594360201,-0.00784201041213109,tracking,0.31493690814593656,0.0,request_watchdog_timeout,0.8570859166776661,0
275,2.7499999999999853,1.8605656623840332,1.8702220916748047,0.0007922581280581653,0.3432912528514862,0.37477968328297645,-0.007517256072513888,tracking,0.29893690814593654,0.0,request_watchdog_timeout,0.8605708821269614,0
276,2.759999999999985,1.8639411926269531,1.8702247142791748,0.0007922581280581653,0.3318118453025818,0.37503491670269223,-0.007149719948123194,tracking,0.2829369081459365,0.0,request_watchdog_timeout,0.863946413388692,0
277,2.769999999999985,1.8671976327896118,1.870227336883545,0.0007922581280581653,0.31947264075279236,0.3757251582276597,-0.006155772152170105,tracking,0.2669369081459365,0.0,request_watchdog_timeout,0.86720285460742,0
278,2.7799999999999847,1.8703272342681885,1.8702298402786255,0.0007922581280581653,0.3064371347427368,0.37388181469161225,-0.008810186844078357,tracking,0.2509369081459365,0.0,request_watchdog_timeout,0.87033245708724,0
279,2.7899999999999845,1.8733235597610474,1.8702322244644165,0.0007922581280581653,0.29283779859542847,0.37478423373538994,-0.007510703421038507,tracking,0.23493690814593648,0.0,request_watchdog_timeout,0.873328783528651,0
280,2.7999999999999843,1.8761816024780273,1.870234489440918,0.0007922581280581653,0.27878186106681824,0.37590951545634865,-0.005890297742857915,tracking,0.21893690814593647,0.0,request_watchdog_timeout,0.8761868271431189,0
281,2.809999999999984,1.8788973093032837,1.8702366352081299,0.0007922581280581653,0.2643561363220215,0.3757009187635306,-0.006190676980515939,tracking,0.20293690814593646,0.0,request_watchdog_timeout,0.8789025348160949,0
282,2.819999999999984,1.8814672231674194,1.8702386617660522,0.0007922581280581653,0.24963100254535675,0.37409871531089967,-0.00849784995230452,tracking,0.18693690814593644,0.0,request_watchdog_timeout,0.8814724494792723,0
283,2.8299999999999836,1.8838887214660645,1.870240569114685,0.0007922581280581653,0.23466338217258453,0.37461882892833837,-0.007748886343192778,tracking,0.17093690814593643,0.0,request_watchdog_timeout,0.8838939485291006,0
284,2.8399999999999834,1.8861595392227173,1.8702423572540283,0.0007922581280581653,0.219499409198761,0.3768721393494154,-0.0045041193368418435,tracking,0.15493690814593641,0.0,request_watchdog_timeout,0.8861647669897822,0
285,2.849999999999983,1.8882778882980347,1.870244026184082,0.0007922581280581653,0.2041764259338379,0.3745909063561293,-0.007789094847173791,tracking,0.1389369081459364,0.0,request_watchdog_timeout,0.8882831167225284,0
286,2.859999999999983,1.890242338180542,1.8702455759048462,0.0007922581280581653,0.18872466683387756,0.37486414610989605,-0.0073956296017497185,tracking,0.1229369081459364,0.0,request_watchdog_timeout,0.8902475672163096,0
287,2.869999999999983,1.8920518159866333,1.8702470064163208,0.0007922581280581653,0.1731686294078827,0.3743976956796256,-0.008067318221339157,tracking,0.1069369081459364,0.0,request_watchdog_timeout,0.8920570455878576,0
288,2.8799999999999826,1.8937052488327026,1.8702483177185059,0.0007922581280581653,0.15752816200256348,0.3747003356218917,-0.007631516704475972,tracking,0.0909369081459364,0.0,request_watchdog_timeout,0.8937104789539096,0
289,2.8899999999999824,1.8952020406723022,1.8702495098114014,0.0007922581280581653,0.1418193131685257,0.37483649796508584,-0.007435442930276407,tracking,0.0749369081459364,0.0,request_watchdog_timeout,0.8952072712682196,0
290,2.899999999999982,1.8965413570404053,1.8702505826950073,0.0007922581280581653,0.12605507671833038,0.3761569815929351,-0.005533946506173488,tracking,0.0589369081459364,0.0,request_watchdog_timeout,0.896546588066049,0
291,2.909999999999982,1.897722840309143,1.8702515363693237,0.0007922581280581653,0.11024600267410278,0.3732483647573746,-0.00972235474938056,tracking,0.0429369081459364,0.0,request_watchdog_timeout,0.897728071719682,0
292,2.9199999999999817,1.8987460136413574,1.8702523708343506,0.0007922581280581653,0.09440061450004578,0.3752998246239916,-0.006768252541452113,tracking,0.026936908145936397,0.0,request_watchdog_timeout,0.8987512453921769,0
293,2.9299999999999815,1.8996106386184692,1.870253086090088,0.0007922581280581653,0.07852581888437271,0.3757081159873584,-0.006180312978203859,tracking,0.010936908145936397,0.0,request_watchdog_timeout,0.8996158706651342,0
294,2.9399999999999813,1.9003212451934814,1.8702536821365356,0.0007922581280581653,0.06359020620584488,0.37523958159270404,-0.006855002506506187,tracking,0.0,0.0,request_watchdog_timeout,0.9003264774901238,0
295,2.949999999999981,1.900896668434143,1.8702541589736938,0.0007922581280581653,0.051495347172021866,0.3743829509778656,-0.008088550591873533,tracking,0.0,0.0,request_watchdog_timeout,0.9009019009283562,0
296,2.959999999999981,1.901362657546997,1.8702545166015625,0.0007922581280581653,0.04170093312859535,0.3759395564567983,-0.005847038702210516,tracking,0.0,0.0,request_watchdog_timeout,0.9013678901784427,0
297,2.9699999999999807,1.9017399549484253,1.8702548742294312,0.0007922581280581653,0.03376941755414009,0.37441411666640756,-0.008043672000373111,tracking,0.0,0.0,request_watchdog_timeout,0.9017451877493627,0
298,2.9799999999999804,1.902045488357544,1.8702551126480103,0.0007922581280581653,0.027346473187208176,0.3748621312757677,-0.0073985309628945214,tracking,0.0,0.0,request_watchdog_timeout,0.9020507212515047,0
299,2.9899999999999802,1.9022929668426514,1.8702553510665894,0.0007922581280581653,0.02214517444372177,0.3747287769991936,-0.007590561121161199,tracking,0.0,0.0,request_watchdog_timeout,0.9022981998514572,0
300,2.99999999999998,1.9024933576583862,1.870255470275879,0.0007922581280581653,0.017933161929249763,0.37546505355832244,-0.00653032287601569,tracking,0.0,0.0,request_watchdog_timeout,0.9024985907026499,0
