map,seed,pose_id,start_pose,fault,verdict,completion,completion_kind,scenario_class,lap_count,failure_reason,first_stop_reason,collision_count,progress_m,distance_travelled_m,minimum_full_body_clearance_m,requested_speed_min_mps,requested_speed_max_mps,applied_speed_min_mps,applied_speed_max_mps,requested_steering_min_rad,requested_steering_max_rad,applied_steering_min_rad,applied_steering_max_rad,fault_start_s,time_to_zero_request_s,time_to_zero_applied_s,simulated_stop_distance_m,steps,gym_step_rate_hz,configured_scan_request_rate_hz,scan_event_count,controller_update_count,request_publish_count,observed_controller_update_rate_hz,observed_request_publish_rate_hz
continuous_wall_30in,101,near_wall_heading_left,"[1.0, 1.848, 0.05]",,PASS,True,corridor_traversal,corridor_traversal,0,,,0,6.263156414031982,6.263520474163597,0.0737381147259144,0.0,0.379974724581291,0.0,0.379974724581291,-0.05395108631012736,0.0807242055817308,-0.05395108631012736,0.0807242055817308,19.35,0.010000000000225384,0.24000000000026134,0.057868960475752296,1965,100,20,393,387,393,19.694656488549615,19.999999999999996
continuous_wall_30in,101,nominal,"[1.0, 1.873, 0.0]",,PASS,True,corridor_traversal,corridor_traversal,0,,,0,6.260559558868408,6.260740600447601,0.08023397760680417,0.0,0.3799951155871487,0.0,0.3799951155871487,-0.04757639454621303,0.08473448335731248,-0.04757639454621303,0.08473448335731248,19.25,0.010000000000211173,0.24000000000024713,0.05813934627533346,1955,100,20,391,385,391,19.69309462915601,20.0
continuous_wall_30in,101,far_wall_heading_right,"[1.0, 1.898, -0.05]",,PASS,True,corridor_traversal,corridor_traversal,0,,,0,6.264564037322998,6.265120856727082,0.08244006114701419,0.0,0.37999872462446954,0.0,0.37999872462446954,-0.036764379446924095,0.07913328049643811,-0.036764379446924095,0.07913328049643811,19.34,0.020000000000226947,0.2500000000002629,0.061711314451651234,1965,100,20,393,387,393,19.694656488549615,19.999999999999996
continuous_wall_30in,102,near_wall_heading_left,"[1.0, 1.848, 0.05]",,PASS,True,corridor_traversal,corridor_traversal,0,,,0,6.2616119384765625,6.261997654742184,0.0737381147259144,0.0,0.3799973167058322,0.0,0.3799973167058322,-0.05406845716968818,0.08470974161794718,-0.05406845716968818,0.08470974161794718,19.35,0.010000000000225384,0.24000000000026134,0.05788326810714839,1965,100,20,393,387,393,19.694656488549615,19.999999999999996
continuous_wall_30in,102,nominal,"[1.0, 1.873, 0.0]",,PASS,True,corridor_traversal,corridor_traversal,0,,,0,6.266605377197266,6.266833961460127,0.07764344106183074,0.0,0.37999944311055067,0.0,0.37999944311055067,-0.04474614467478527,0.09430259855824069,-0.04474614467478527,0.09430259855824069,19.29,0.020000000000219842,0.2500000000002558,0.061852958634214694,1960,100,20,392,386,392,19.693877551020407,20.0
continuous_wall_30in,102,far_wall_heading_right,"[1.0, 1.898, -0.05]",,PASS,True,corridor_traversal,corridor_traversal,0,,,0,6.263439178466797,6.264030877821727,0.08005699587836324,0.0,0.3799947439112988,0.0,0.3799947439112988,-0.03536255059015228,0.08899820348187303,-0.03536255059015228,0.08899820348187303,19.35,0.010000000000225384,0.24000000000026134,0.05791282834308653,1965,100,20,393,387,393,19.694656488549615,19.999999999999996
continuous_wall_30in,103,near_wall_heading_left,"[1.0, 1.848, 0.05]",,PASS,True,corridor_traversal,corridor_traversal,0,,,0,6.268161296844482,6.268573210943039,0.0737381147259144,0.0,0.3799962248405549,0.0,0.3799962248405549,-0.0587456496057255,0.08972541918956344,-0.0587456496057255,0.08972541918956344,19.38,0.030000000000235616,0.26000000000027157,0.06573155652771323,1970,100,20,394,388,394,19.695431472081218,20.0
continuous_wall_30in,103,nominal,"[1.0, 1.873, 0.0]",,PASS,True,corridor_traversal,corridor_traversal,0,,,0,6.277092933654785,6.27730110807383,0.07847707381531954,0.0,0.3799985632366566,0.0,0.3799985632366566,-0.04963035965843046,0.12928648621490105,-0.04963035965843046,0.12928648621490105,19.26,0.050000000000217426,0.2800000000002534,0.07293606349263637,1960,100,20,392,386,392,19.693877551020407,20.0
continuous_wall_30in,103,far_wall_heading_right,"[1.0, 1.898, -0.05]",,PASS,True,corridor_traversal,corridor_traversal,0,,,0,6.2603535652160645,6.260988393818855,0.0777539317611422,0.0,0.3799948063713181,0.0,0.3799948063713181,-0.04032863706660668,0.10129959263123672,-0.04032863706660668,0.10129959263123672,19.3,0.010000000000218279,0.24000000000025423,0.05801774480091115,1960,100,20,392,386,392,19.693877551020407,20.0
continuous_wall_30in,104,near_wall_heading_left,"[1.0, 1.848, 0.05]",,PASS,True,corridor_traversal,corridor_traversal,0,,,0,6.264350414276123,6.264707018825117,0.0737381147259144,0.0,0.379983058837257,0.0,0.379983058837257,-0.05405753871992893,0.0781628404371292,-0.05405753871992893,0.0781628404371292,19.34,0.020000000000226947,0.2500000000002629,0.061900653957721374,1965,100,20,393,387,393,19.694656488549615,19.999999999999996
continuous_wall_30in,104,nominal,"[1.0, 1.873, 0.0]",,PASS,True,corridor_traversal,corridor_traversal,0,,,0,6.2784881591796875,6.278689739442209,0.07900478517864373,0.0,0.3799960433474099,0.0,0.3799960433474099,-0.04430137708533381,0.08907144221870054,-0.04430137708533381,0.08907144221870054,19.26,0.050000000000217426,0.2800000000002534,0.0729832705731921,1960,100,20,392,386,392,19.693877551020407,20.0
continuous_wall_30in,104,far_wall_heading_right,"[1.0, 1.898, -0.05]",,PASS,True,corridor_traversal,corridor_traversal,0,,,0,6.263442039489746,6.264072306748424,0.07756250124293063,0.0,0.3799994204454252,0.0,0.3799994204454252,-0.04046992106187157,0.09559721693222478,-0.04046992106187157,0.09559721693222478,19.35,0.010000000000225384,0.24000000000026134,0.05810120599285362,1965,100,20,393,387,393,19.694656488549615,19.999999999999996
continuous_wall_30in,105,near_wall_heading_left,"[1.0, 1.848, 0.05]",,PASS,True,corridor_traversal,corridor_traversal,0,,,0,6.261804103851318,6.262176614810681,0.0737381147259144,0.0,0.3799921380213887,0.0,0.3799921380213887,-0.05420085493384076,0.0837635949752697,-0.05420085493384076,0.0837635949752697,19.35,0.010000000000225384,0.24000000000026134,0.058204650926536594,1965,100,20,393,387,393,19.694656488549615,19.999999999999996
continuous_wall_30in,105,nominal,"[1.0, 1.873, 0.0]",,PASS,True,corridor_traversal,corridor_traversal,0,,,0,6.267260551452637,6.267478771455062,0.07825168446313802,0.0,0.3799999808951004,0.0,0.3799999808951004,-0.04735208765286668,0.09251163329131518,-0.04735208765286668,0.09251163329131518,19.29,0.020000000000219842,0.2500000000002558,0.06199646002041881,1960,100,20,392,386,392,19.693877551020407,20.0
continuous_wall_30in,105,far_wall_heading_right,"[1.0, 1.898, -0.05]",,PASS,True,corridor_traversal,corridor_traversal,0,,,0,6.266092777252197,6.266623424471659,0.08367910747694896,0.0,0.3799916245474194,0.0,0.3799916245474194,-0.03702718064843485,0.0748431644093153,-0.03702718064843485,0.0748431644093153,19.34,0.020000000000226947,0.2500000000002629,0.06199359893798828,1965,100,20,393,387,393,19.694656488549615,19.999999999999996
continuous_wall_20in,101,near_wall_heading_left,"[1.0, 1.975, 0.05]",,PASS,True,corridor_traversal,corridor_traversal,0,,,0,6.2690958976745605,6.26925584545289,0.07373808897670786,0.0,0.3799989580671295,0.0,0.3799989580671295,-0.07751760037820579,0.0040777312060267384,-0.07751760037820579,0.0040777312060267384,17.080000000000002,0.02999999999987324,0.2599999999999092,0.06575303960833434,1740,100,20,348,342,348,19.6551724137931,19.999999999999996
continuous_wall_20in,101,nominal,"[1.0, 2.0, 0.0]",,PASS,True,corridor_traversal,corridor_traversal,0,,,0,6.274630069732666,6.274676177393208,0.09050081314319636,0.0,0.3799925315578421,0.0,0.3799925315578421,-0.05168325385247957,0.0031428271759297924,-0.05168325385247957,0.0031428271759297924,17.02,0.0399999999998677,0.26999999999990365,0.06950476452037169,1735,100,20,347,341,347,19.654178674351584,20.0
continuous_wall_20in,101,far_wall_heading_right,"[1.0, 2.025, -0.05]",,PASS,True,corridor_traversal,corridor_traversal,0,,,0,6.2649407386779785,6.265440070259227,0.07373796607968641,0.0,0.37999825327038284,0.0,0.37999825327038284,-0.020509435951685855,0.01918304141327113,-0.020509435951685855,0.01918304141327113,17.04,0.019999999999868123,0.24999999999990408,0.061816692401944984,1735,100,20,347,341,347,19.654178674351584,20.0
continuous_wall_20in,102,near_wall_heading_left,"[1.0, 1.975, 0.05]",,PASS,True,corridor_traversal,corridor_traversal,0,,,0,6.266201972961426,6.266368573976558,0.07373808897670786,0.0,0.37999487479453775,0.0,0.37999487479453775,-0.0775979015933557,0.0037358561079763025,-0.0775979015933557,0.0037358561079763025,17.09,0.01999999999987523,0.24999999999991118,0.061928771675182404,1740,100,20,348,342,348,19.6551724137931,19.999999999999996
continuous_wall_20in,102,nominal,"[1.0, 2.0, 0.0]",,PASS,True,corridor_traversal,corridor_traversal,0,,,0,6.275071144104004,6.275117428697828,0.09051452988052011,0.0,0.3799978377386379,0.0,0.3799978377386379,-0.05190969946281786,0.0036567326246296408,-0.05190969946281786,0.0036567326246296408,17.02,0.0399999999998677,0.26999999999990365,0.0692396187687967,1735,100,20,347,341,347,19.654178674351584,20.0
continuous_wall_20in,102,far_wall_heading_right,"[1.0, 2.025, -0.05]",,PASS,True,corridor_traversal,corridor_traversal,0,,,0,6.264895915985107,6.265395060898518,0.07373796607968641,0.0,0.3799998454874635,0.0,0.3799998454874635,-0.020668223965823095,0.019138364378616428,-0.020668223965823095,0.019138364378616428,17.04,0.019999999999868123,0.24999999999990408,0.06171035778926548,1735,100,20,347,341,347,19.654178674351584,20.0
continuous_wall_20in,103,near_wall_heading_left,"[1.0, 1.975, 0.05]",,PASS,True,corridor_traversal,corridor_traversal,0,,,0,6.268718242645264,6.2688781354283885,0.07373808897670786,0.0,0.37999639294169796,0.0,0.37999639294169796,-0.07741710081529937,0.003694686116926065,-0.07741710081529937,0.003694686116926065,17.080000000000002,0.02999999999987324,0.2599999999999092,0.06544829795172458,1740,100,20,348,342,348,19.6551724137931,19.999999999999996
continuous_wall_20in,103,nominal,"[1.0, 2.0, 0.0]",,PASS,True,corridor_traversal,corridor_traversal,0,,,0,6.275618076324463,6.275663896012557,0.0905075936463553,0.0,0.37999758446267173,0.0,0.37999758446267173,-0.051775383155239836,0.003303836380323815,-0.051775383155239836,0.003303836380323815,17.01,0.04999999999986571,0.27999999999990166,0.07301187921789243,1735,100,20,347,341,347,19.654178674351584,20.0
continuous_wall_20in,103,far_wall_heading_right,"[1.0, 2.025, -0.05]",,PASS,True,corridor_traversal,corridor_traversal,0,,,0,6.265604496002197,6.266103718825543,0.07373796607968641,0.0,0.3799967174626228,0.0,0.3799967174626228,-0.0204917985405371,0.019481410947217608,-0.0204917985405371,0.019481410947217608,17.04,0.019999999999868123,0.24999999999990408,0.06183864146306384,1735,100,20,347,341,347,19.654178674351584,20.0
continuous_wall_20in,104,near_wall_heading_left,"[1.0, 1.975, 0.05]",,PASS,True,corridor_traversal,corridor_traversal,0,,,0,6.2697319984436035,6.269891893396766,0.07373808897670786,0.0,0.37998914011993506,0.0,0.37998914011993506,-0.07756935658648373,0.0035458861103257466,-0.07756935658648373,0.0035458861103257466,17.080000000000002,0.02999999999987324,0.2599999999999092,0.06558752278272806,1740,100,20,348,342,348,19.6551724137931,19.999999999999996
continuous_wall_20in,104,nominal,"[1.0, 2.0, 0.0]",,PASS,True,corridor_traversal,corridor_traversal,0,,,0,6.274797439575195,6.274843148213521,0.09052375804178037,0.0,0.3799941738066126,0.0,0.3799941738066126,-0.05185529432512928,0.003392137581767443,-0.05185529432512928,0.003392137581767443,17.02,0.0399999999998677,0.26999999999990365,0.0694699559816474,1735,100,20,347,341,347,19.654178674351584,20.0
continuous_wall_20in,104,far_wall_heading_right,"[1.0, 2.025, -0.05]",,PASS,True,corridor_traversal,corridor_traversal,0,,,0,6.264615535736084,6.265114839853981,0.07373796607968641,0.0,0.37999991502787295,0.0,0.37999991502787295,-0.02059396280471435,0.019220235655096514,-0.02059396280471435,0.019220235655096514,17.04,0.019999999999868123,0.24999999999990408,0.061688426458351486,1735,100,20,347,341,347,19.654178674351584,20.0
continuous_wall_20in,105,near_wall_heading_left,"[1.0, 1.975, 0.05]",,PASS,True,corridor_traversal,corridor_traversal,0,,,0,6.264920234680176,6.265086830647329,0.07373808897670786,0.0,0.3799944367507545,0.0,0.3799944367507545,-0.07736811282287913,0.0034109103362924527,-0.07736811282287913,0.0034109103362924527,17.09,0.01999999999987523,0.24999999999991118,0.06173849292974154,1740,100,20,348,342,348,19.6551724137931,19.999999999999996
continuous_wall_20in,105,nominal,"[1.0, 2.0, 0.0]",,PASS,True,corridor_traversal,corridor_traversal,0,,,0,6.275059223175049,6.27510546795097,0.09053444107121678,0.0,0.3799939142277575,0.0,0.3799939142277575,-0.05171870920742328,0.00332289167285256,-0.05171870920742328,0.00332289167285256,17.02,0.0399999999998677,0.26999999999990365,0.06927824279682504,1735,100,20,347,341,347,19.654178674351584,20.0
continuous_wall_20in,105,far_wall_heading_right,"[1.0, 2.025, -0.05]",,PASS,True,corridor_traversal,corridor_traversal,0,,,0,6.264716625213623,6.265216586798784,0.07373796607968641,0.0,0.37999952344037724,0.0,0.37999952344037724,-0.020600508847764265,0.019584840185840703,-0.020600508847764265,0.019584840185840703,17.04,0.019999999999868123,0.24999999999990408,0.061764717147443804,1735,100,20,347,341,347,19.654178674351584,20.0
continuous_wall_19in,101,near_wall_heading_left,"[1.0, 1.9876999999999998, 0.05]",,PASS,True,corridor_traversal,corridor_traversal,0,,,0,6.269374370574951,6.2696070083757895,0.07373805063900041,0.0,0.379995720244785,0.0,0.379995720244785,-0.052741632312944535,0.003502875961542671,-0.052741632312944535,0.003502875961542671,17.080000000000002,0.02999999999987324,0.2599999999999092,0.06559324484669204,1740,100,20,348,342,348,19.6551724137931,19.999999999999996
continuous_wall_19in,101,nominal,"[1.0, 2.0126999999999997, 0.0]",,PASS,True,corridor_traversal,corridor_traversal,0,,,0,6.277571201324463,6.277579444157757,0.08012157680453491,0.0,0.3799968895606738,0.0,0.3799968895606738,-0.020314305898053824,0.003445323971933173,-0.020314305898053824,0.003445323971933173,17.01,0.04999999999986571,0.27999999999990166,0.073150641870253,1735,100,20,347,341,347,19.654178674351584,20.0
continuous_wall_19in,101,far_wall_heading_right,"[1.0, 2.0376999999999996, -0.05]",,PASS,True,corridor_traversal,corridor_traversal,0,,,0,6.2724409103393555,6.272824412978884,0.048338127314415225,0.0,0.37999881307739297,0.0,0.37999881307739297,-0.003747614287625417,0.0343072818042624,-0.003747614287625417,0.0343072818042624,17.07,0.0399999999998748,0.26999999999991076,0.06936455140246789,1740,100,20,348,342,348,19.6551724137931,19.999999999999996
continuous_wall_19in,102,near_wall_heading_left,"[1.0, 1.9876999999999998, 0.05]",,PASS,True,corridor_traversal,corridor_traversal,0,,,0,6.26971435546875,6.26994711811683,0.07373805063900041,0.0,0.37999926817520935,0.0,0.37999926817520935,-0.052853384838767475,0.0034525107373589888,-0.052853384838767475,0.0034525107373589888,17.080000000000002,0.02999999999987324,0.2599999999999092,0.06566528907660452,1740,100,20,348,342,348,19.6551724137931,19.999999999999996
continuous_wall_19in,102,nominal,"[1.0, 2.0126999999999997, 0.0]",,PASS,True,corridor_traversal,corridor_traversal,0,,,0,6.278108596801758,6.278116876531308,0.08012155677856381,0.0,0.37999206326840507,0.0,0.37999206326840507,-0.020528618108719213,0.0034113602921423333,-0.020528618108719213,0.0034113602921423333,17.01,0.04999999999986571,0.27999999999990166,0.07325506805662574,1735,100,20,347,341,347,19.654178674351584,20.0
continuous_wall_19in,102,far_wall_heading_right,"[1.0, 2.0376999999999996, -0.05]",,PASS,True,corridor_traversal,corridor_traversal,0,,,0,6.272017955780029,6.272401771920417,0.048338127314415225,0.0,0.3799991484616893,0.0,0.3799991484616893,-0.003347175384845685,0.033718835765062995,-0.003347175384845685,0.033718835765062995,17.07,0.0399999999998748,0.26999999999991076,0.06957249315268843,1740,100,20,348,342,348,19.6551724137931,19.999999999999996
continuous_wall_19in,103,near_wall_heading_left,"[1.0, 1.9876999999999998, 0.05]",,PASS,True,corridor_traversal,corridor_traversal,0,,,0,6.270061492919922,6.270294298763123,0.07373805063900041,0.0,0.3799962788347233,0.0,0.3799962788347233,-0.05270445936113055,0.00350709226740549,-0.05270445936113055,0.00350709226740549,17.080000000000002,0.02999999999987324,0.2599999999999092,0.06566004473334708,1740,100,20,348,342,348,19.6551724137931,19.999999999999996
continuous_wall_19in,103,nominal,"[1.0, 2.0126999999999997, 0.0]",,PASS,True,corridor_traversal,corridor_traversal,0,,,0,6.277297496795654,6.27730586555174,0.08012151921261168,0.0,0.37999994902558026,0.0,0.37999994902558026,-0.020421080960793078,0.003162098465745688,-0.020421080960793078,0.003162098465745688,17.01,0.04999999999986571,0.27999999999990166,0.0732789387660473,1735,100,20,347,341,347,19.654178674351584,20.0
continuous_wall_19in,103,far_wall_heading_right,"[1.0, 2.0376999999999996, -0.05]",,PASS,True,corridor_traversal,corridor_traversal,0,,,0,6.273115158081055,6.273498890759213,0.048338127314415225,0.0,0.37999711925928165,0.0,0.37999711925928165,-0.003405950325321633,0.03377533487112503,-0.003405950325321633,0.03377533487112503,17.07,0.0399999999998748,0.26999999999991076,0.06934500214596984,1740,100,20,348,342,348,19.6551724137931,19.999999999999996
continuous_wall_19in,104,near_wall_heading_left,"[1.0, 1.9876999999999998, 0.05]",,PASS,True,corridor_traversal,corridor_traversal,0,,,0,6.269693374633789,6.26992631097855,0.07373805063900041,0.0,0.3799965376805862,0.0,0.3799965376805862,-0.052836193114084426,0.003262377694629828,-0.052836193114084426,0.003262377694629828,17.080000000000002,0.02999999999987324,0.2599999999999092,0.06543397932893757,1740,100,20,348,342,348,19.6551724137931,19.999999999999996
continuous_wall_19in,104,nominal,"[1.0, 2.0126999999999997, 0.0]",,PASS,True,corridor_traversal,corridor_traversal,0,,,0,6.27852201461792,6.278530342219776,0.08012163101278125,0.0,0.37999835268649224,0.0,0.37999835268649224,-0.020457738189631123,0.003347979886551041,-0.020457738189631123,0.003347979886551041,17.01,0.04999999999986571,0.27999999999990166,0.07332757663349287,1735,100,20,347,341,347,19.654178674351584,20.0
continuous_wall_19in,104,far_wall_heading_right,"[1.0, 2.0376999999999996, -0.05]",,PASS,True,corridor_traversal,corridor_traversal,0,,,0,6.272777080535889,6.273160920370779,0.048338127314415225,0.0,0.3799981371394839,0.0,0.3799981371394839,-0.0033792024731623543,0.033200117663464895,-0.0033792024731623543,0.033200117663464895,17.07,0.0399999999998748,0.26999999999991076,0.06947614781141986,1740,100,20,348,342,348,19.6551724137931,19.999999999999996
continuous_wall_19in,105,near_wall_heading_left,"[1.0, 1.9876999999999998, 0.05]",,PASS,True,corridor_traversal,corridor_traversal,0,,,0,6.269381523132324,6.269614367475903,0.07373805063900041,0.0,0.37999998137917684,0.0,0.37999998137917684,-0.05268349841406293,0.0038520120199196607,-0.05268349841406293,0.0038520120199196607,17.080000000000002,0.02999999999987324,0.2599999999999092,0.06565622917775649,1740,100,20,348,342,348,19.6551724137931,19.999999999999996
continuous_wall_19in,105,nominal,"[1.0, 2.0126999999999997, 0.0]",,PASS,True,corridor_traversal,corridor_traversal,0,,,0,6.278057098388672,6.2780653911009985,0.08012164641206976,0.0,0.37999284330655025,0.0,0.37999284330655025,-0.020415275558778347,0.003269085832553661,-0.020415275558778347,0.003269085832553661,17.01,0.04999999999986571,0.27999999999990166,0.07319689351917269,1735,100,20,347,341,347,19.654178674351584,20.0
continuous_wall_19in,105,far_wall_heading_right,"[1.0, 2.0376999999999996, -0.05]",,PASS,True,corridor_traversal,corridor_traversal,0,,,0,6.271938800811768,6.272322876323104,0.048338127314415225,0.0,0.3799978365127911,0.0,0.3799978365127911,-0.003625986664734746,0.03286198159405508,-0.003625986664734746,0.03286198159405508,17.07,0.0399999999998748,0.26999999999991076,0.06914711868002144,1740,100,20,348,342,348,19.6551724137931,19.999999999999996
continuous_wall_21in,101,near_wall_heading_left,"[1.0, 1.9623000000000002, 0.05]",,PASS,True,corridor_traversal,corridor_traversal,0,,,0,6.272737503051758,6.273037197577881,0.07373800810512576,0.0,0.3799974271836846,0.0,0.3799974271836846,-0.037446858648642466,0.003324562527082896,-0.037446858648642466,0.003324562527082896,17.07,0.0399999999998748,0.26999999999991076,0.06943178321158872,1740,100,20,348,342,348,19.6551724137931,19.999999999999996
continuous_wall_21in,101,nominal,"[1.0, 1.9873, 0.0]",,PASS,True,corridor_traversal,corridor_traversal,0,,,0,6.276595592498779,6.2765971137609995,0.10410165004343552,0.0,0.37999956160118914,0.0,0.37999956160118914,-0.003623733073350161,0.003613686635269467,-0.003623733073350161,0.003613686635269467,17.01,0.04999999999986571,0.27999999999990166,0.07326556023001807,1735,100,20,347,341,347,19.654178674351584,20.0
continuous_wall_21in,101,far_wall_heading_right,"[1.0, 2.0123, -0.05]",,PASS,True,corridor_traversal,corridor_traversal,0,,,0,6.273407459259033,6.273691343058501,0.0991380506390005,0.0,0.37999471062162826,0.0,0.37999471062162826,-0.00322394215725484,0.039049549014516474,-0.00322394215725484,0.039049549014516474,17.07,0.0399999999998748,0.26999999999991076,0.06934118320334282,1740,100,20,348,342,348,19.6551724137931,19.999999999999996
continuous_wall_21in,102,near_wall_heading_left,"[1.0, 1.9623000000000002, 0.05]",,PASS,True,corridor_traversal,corridor_traversal,0,,,0,6.271827697753906,6.272133552608267,0.07373800810512576,0.0,0.3799894975866376,0.0,0.3799894975866376,-0.03756375508264537,0.0029842797046336876,-0.03756375508264537,0.0029842797046336876,17.07,0.0399999999998748,0.26999999999991076,0.06943803554755945,1740,100,20,348,342,348,19.6551724137931,19.999999999999996
continuous_wall_21in,102,nominal,"[1.0, 1.9873, 0.0]",,PASS,True,corridor_traversal,corridor_traversal,0,,,0,6.275279521942139,6.275281158096673,0.10397493764726096,0.0,0.3799954573040661,0.0,0.3799954573040661,-0.0037329993575055858,0.003557851266884542,-0.0037329993575055858,0.003557851266884542,17.02,0.0399999999998677,0.26999999999990365,0.06953150434255573,1735,100,20,347,341,347,19.654178674351584,20.0
continuous_wall_21in,102,far_wall_heading_right,"[1.0, 2.0123, -0.05]",,PASS,True,corridor_traversal,corridor_traversal,0,,,0,6.2721028327941895,6.272394044710619,0.0991380506390005,0.0,0.3799955604032927,0.0,0.3799955604032927,-0.003449612108114431,0.039901148150278815,-0.003449612108114431,0.039901148150278815,17.07,0.0399999999998748,0.26999999999991076,0.06955675934758432,1740,100,20,348,342,348,19.6551724137931,19.999999999999996
continuous_wall_21in,103,near_wall_heading_left,"[1.0, 1.9623000000000002, 0.05]",,PASS,True,corridor_traversal,corridor_traversal,0,,,0,6.271473407745361,6.271779377733847,0.07373800810512576,0.0,0.37999584584397544,0.0,0.37999584584397544,-0.03737056996077025,0.0027431774645279754,-0.03737056996077025,0.0027431774645279754,17.080000000000002,0.02999999999987324,0.2599999999999092,0.0657292289303264,1740,100,20,348,342,348,19.6551724137931,19.999999999999996
continuous_wall_21in,103,nominal,"[1.0, 1.9873, 0.0]",,PASS,True,corridor_traversal,corridor_traversal,0,,,0,6.276519298553467,6.276520947702573,0.10390655965754658,0.0,0.3799994611231186,0.0,0.3799994611231186,-0.004057707040567628,0.003150904418418871,-0.004057707040567628,0.003150904418418871,17.01,0.04999999999986571,0.27999999999990166,0.07336194354230852,1735,100,20,347,341,347,19.654178674351584,20.0
continuous_wall_21in,103,far_wall_heading_right,"[1.0, 2.0123, -0.05]",,PASS,True,corridor_traversal,corridor_traversal,0,,,0,6.273817539215088,6.274102402515693,0.0991380506390005,0.0,0.3799937198060916,0.0,0.3799937198060916,-0.0031097170127592838,0.0397575173995543,-0.0031097170127592838,0.0397575173995543,17.07,0.0399999999998748,0.26999999999991076,0.06933975341598853,1740,100,20,348,342,348,19.6551724137931,19.999999999999996
continuous_wall_21in,104,near_wall_heading_left,"[1.0, 1.9623000000000002, 0.05]",,PASS,True,corridor_traversal,corridor_traversal,0,,,0,6.271381378173828,6.271687344636501,0.07373800810512576,0.0,0.3799983561658121,0.0,0.3799983561658121,-0.037716279801468605,0.0030664070353234865,-0.037716279801468605,0.0030664070353234865,17.080000000000002,0.02999999999987324,0.2599999999999092,0.06554366237138787,1740,100,20,348,342,348,19.6551724137931,19.999999999999996
continuous_wall_21in,104,nominal,"[1.0, 1.9873, 0.0]",,PASS,True,corridor_traversal,corridor_traversal,0,,,0,6.275475978851318,6.275477651452024,0.10395161682808296,0.0,0.3799970607501104,0.0,0.3799970607501104,-0.004691390810620944,0.0035161559573674674,-0.004691390810620944,0.0035161559573674674,17.01,0.04999999999986571,0.27999999999990166,0.07290508988031696,1735,100,20,347,341,347,19.654178674351584,20.0
continuous_wall_21in,104,far_wall_heading_right,"[1.0, 2.0123, -0.05]",,PASS,True,corridor_traversal,corridor_traversal,0,,,0,6.273861885070801,6.274146633130862,0.0991380506390005,0.0,0.37999837673331033,0.0,0.37999837673331033,-0.0031879968530875375,0.039445006429933385,-0.0031879968530875375,0.039445006429933385,17.07,0.0399999999998748,0.26999999999991076,0.06957483324371783,1740,100,20,348,342,348,19.6551724137931,19.999999999999996
continuous_wall_21in,105,near_wall_heading_left,"[1.0, 1.9623000000000002, 0.05]",,PASS,True,corridor_traversal,corridor_traversal,0,,,0,6.2704572677612305,6.270768054831684,0.07373800810512576,0.0,0.3799967820517306,0.0,0.3799967820517306,-0.037733163926928846,0.0034379872173885984,-0.037733163926928846,0.0034379872173885984,17.080000000000002,0.02999999999987324,0.2599999999999092,0.06554223108167267,1740,100,20,348,342,348,19.6551724137931,19.999999999999996
continuous_wall_21in,105,nominal,"[1.0, 1.9873, 0.0]",,PASS,True,corridor_traversal,corridor_traversal,0,,,0,6.275707721710205,6.275709435081765,0.10402761576327557,0.0,0.3799965530925777,0.0,0.3799965530925777,-0.004659544831021424,0.004217848604844427,-0.004659544831021424,0.004217848604844427,17.01,0.04999999999986571,0.27999999999990166,0.07333661706111183,1735,100,20,347,341,347,19.654178674351584,20.0
continuous_wall_21in,105,far_wall_heading_right,"[1.0, 2.0123, -0.05]",,PASS,True,corridor_traversal,corridor_traversal,0,,,0,6.271779537200928,6.272070738588883,0.0991380506390005,0.0,0.37999911966008715,0.0,0.37999911966008715,-0.0038397787637341014,0.03961182930555422,-0.0038397787637341014,0.03961182930555422,17.07,0.0399999999998748,0.26999999999991076,0.0693879336586134,1740,100,20,348,342,348,19.6551724137931,19.999999999999996
continuous_wall_left_corner_30in,101,near_wall_heading_left,"[1.0, 1.348, 0.05]",,PASS,True,corner_completion,corner_completion,0,,,0,4.146939277648926,7.5196129664112865,0.0737381147259144,0.0,0.3799581948160893,0.0,0.3799581948160893,-0.05395108631012736,0.17440702186463808,-0.05395108631012736,0.17440702186463808,25.01,0.05000000000111626,0.2300000000011444,0.048851978492320924,2530,100,20,506,501,506,19.802371541501977,20.0
continuous_wall_left_corner_30in,101,nominal,"[1.0, 1.373, 0.0]",,PASS,True,corner_completion,corner_completion,0,,,0,4.147278785705566,7.515943924869213,0.08334537206024506,0.0,0.3799877466868226,0.0,0.3799877466868226,-0.02111488420677881,0.17654282431435475,-0.02111488420677881,0.17654282431435475,25.03,0.03000000000111669,0.21000000000114483,0.042922119580718565,2530,100,20,506,501,506,19.802371541501977,20.0
continuous_wall_left_corner_30in,101,far_wall_heading_right,"[1.0, 1.398, -0.05]",,PASS,True,corner_completion,corner_completion,0,,,0,4.147035598754883,7.518307215650047,0.083978359351782,0.0,0.3799698959816175,0.0,0.3799698959816175,-0.002948052977658217,0.1816253115329888,-0.002948052977658217,0.1816253115329888,25.12,0.04000000000113246,0.2200000000011606,0.046037892493773214,2540,100,20,508,503,508,19.80314960629921,20.0
continuous_wall_left_corner_30in,102,near_wall_heading_left,"[1.0, 1.348, 0.05]",,PASS,True,corner_completion,corner_completion,0,,,0,4.147181987762451,7.518393974590521,0.0737381147259144,0.0,0.37997979287641415,0.0,0.37997979287641415,-0.05406845716968818,0.18339772600787263,-0.05406845716968818,0.18339772600787263,25.02,0.04000000000111825,0.2200000000011464,0.04616213988300011,2530,100,20,506,501,506,19.802371541501977,20.0
continuous_wall_left_corner_30in,102,nominal,"[1.0, 1.373, 0.0]",,PASS,True,corner_completion,corner_completion,0,,,0,4.147289752960205,7.512089404527655,0.08335936148688261,0.0,0.3799997753604808,0.0,0.3799997753604808,-0.02133292608690627,0.18514156837001658,-0.02133292608690627,0.18514156837001658,25.04,0.02000000000111868,0.20000000000114682,0.040206562237498744,2530,100,20,506,501,506,19.802371541501977,20.0
continuous_wall_left_corner_30in,102,far_wall_heading_right,"[1.0, 1.398, -0.05]",,PASS,True,corner_completion,corner_completion,0,,,0,4.147341251373291,7.518254751473941,0.0832731667699933,0.0,0.3799344459699206,0.0,0.3799344459699206,-0.0036012122306597356,0.1802164861604038,-0.0036012122306597356,0.1802164861604038,25.18,0.030000000001141558,0.2100000000011697,0.042988827360662896,2545,100,20,509,504,509,19.80353634577603,20.0
continuous_wall_left_corner_30in,103,near_wall_heading_left,"[1.0, 1.348, 0.05]",,PASS,True,corner_completion,corner_completion,0,,,0,4.147134304046631,7.5193115128805506,0.0737381147259144,0.0,0.3799799359875212,0.0,0.3799799359875212,-0.05392148782605234,0.18081947164580095,-0.05392148782605234,0.18081947164580095,25.07,0.04000000000112536,0.2200000000011535,0.04599247879797552,2535,100,20,507,502,507,19.80276134122288,20.0
continuous_wall_left_corner_30in,103,nominal,"[1.0, 1.373, 0.0]",,PASS,True,corner_completion,corner_completion,0,,,0,4.147059917449951,7.510357792971044,0.08431927296168928,0.0,0.3799991061752515,0.0,0.3799991061752515,-0.02122247541609275,0.1763716757636699,-0.02122247541609275,0.1763716757636699,25.0,0.01000000000111001,0.19000000000113815,0.03723905135577166,2525,100,20,505,500,505,19.801980198019802,20.0
continuous_wall_left_corner_30in,103,far_wall_heading_right,"[1.0, 1.398, -0.05]",,PASS,True,corner_completion,corner_completion,0,,,0,4.147212982177734,7.52285605552841,0.08365709777899766,0.0,0.379997652321101,0.0,0.379997652321101,-0.0028565814291844896,0.184453242209067,-0.0028565814291844896,0.184453242209067,25.21,0.05000000000114824,0.23000000000117637,0.0489660144485633,2550,100,20,510,505,510,19.80392156862745,20.0
continuous_wall_left_corner_30in,104,near_wall_heading_left,"[1.0, 1.348, 0.05]",,PASS,True,corner_completion,corner_completion,0,,,0,4.146984577178955,7.518405303950877,0.0737381147259144,0.0,0.3799856192387828,0.0,0.3799856192387828,-0.05405753871992893,0.17892063112304896,-0.05405753871992893,0.17892063112304896,25.07,0.04000000000112536,0.2200000000011535,0.04576427944717398,2535,100,20,507,502,507,19.80276134122288,20.0
continuous_wall_left_corner_30in,104,nominal,"[1.0, 1.373, 0.0]",,PASS,True,corner_completion,corner_completion,0,,,0,4.147210121154785,7.5128026864665465,0.08341574436873134,0.0,0.37996488716495735,0.0,0.37996488716495735,-0.02126297416595057,0.18521724384297703,-0.02126297416595057,0.18521724384297703,25.04,0.02000000000111868,0.20000000000114682,0.039985603792915825,2530,100,20,506,501,506,19.802371541501977,20.0
continuous_wall_left_corner_30in,104,far_wall_heading_right,"[1.0, 1.398, -0.05]",,PASS,True,corner_completion,corner_completion,0,,,0,4.147048473358154,7.523730438687364,0.08434675447345596,0.0,0.37997002615794,0.0,0.37997002615794,-0.0026387470138906806,0.18286892709450342,-0.0026387470138906806,0.18286892709450342,25.16,0.05000000000114113,0.23000000000116927,0.04914261354323379,2545,100,20,509,504,509,19.80353634577603,20.0
continuous_wall_left_corner_30in,105,near_wall_heading_left,"[1.0, 1.348, 0.05]",,PASS,True,corner_completion,corner_completion,0,,,0,4.147057056427002,7.521021121876439,0.0737381147259144,0.0,0.379991938622635,0.0,0.379991938622635,-0.05390942818137176,0.1757635067178483,-0.05390942818137176,0.1757635067178483,25.01,0.05000000000111626,0.2300000000011444,0.04910176523434018,2530,100,20,506,501,506,19.802371541501977,20.0
continuous_wall_left_corner_30in,105,nominal,"[1.0, 1.373, 0.0]",,PASS,True,corner_completion,corner_completion,0,,,0,4.147121429443359,7.522174321385945,0.0838876039051415,0.0,0.37995388399795144,0.0,0.37995388399795144,-0.021214912106946964,0.18120558836814213,-0.021214912106946964,0.18120558836814213,25.01,0.05000000000111626,0.2300000000011444,0.04910065049563084,2530,100,20,506,501,506,19.802371541501977,20.0
continuous_wall_left_corner_30in,105,far_wall_heading_right,"[1.0, 1.398, -0.05]",,PASS,True,corner_completion,corner_completion,0,,,0,4.147341728210449,7.519248758691201,0.0830726218404505,0.0,0.3799894306922302,0.0,0.3799894306922302,-0.0024529830106709673,0.18017744035763505,-0.0024529830106709673,0.18017744035763505,25.17,0.04000000000113957,0.2200000000011677,0.04581546360836253,2545,100,20,509,504,509,19.80353634577603,20.0
continuous_wall_30in,777,nominal,"[1.0, 1.873, 0.0]",controller_crash,PASS,False,,fault_stop_or_recovery,0,,,0,0.8269602060317993,0.8269652198461935,0.10195059656219452,0.0,0.3799714763094988,0.0,0.3799714763094988,-0.021136545993984148,0.00220072627837746,-0.021136545993984148,0.00220072627837746,2.5,,0.39999999999998215,0.1188610320466672,296,100,20,60,50,50,16.89189189189189,16.89189189189189
continuous_wall_30in,777,nominal,"[1.0, 1.873, 0.0]",silent_publisher,PASS,False,,fault_stop_or_recovery,0,,,0,0.8269602060317993,0.8269652198461935,0.10195059656219452,0.0,0.3799714763094988,0.0,0.3799714763094988,-0.021136545993984148,0.00220072627837746,-0.021136545993984148,0.00220072627837746,2.5,,0.39999999999998215,0.1188610320466672,296,100,20,60,60,50,20.27027027027027,16.89189189189189
continuous_wall_30in,777,nominal,"[1.0, 1.873, 0.0]",stale_scan,PASS,False,,fault_stop_or_recovery,0,,stale_scan_header,0,0.8419615030288696,0.8419670080325764,0.10183465214564391,0.0,0.3799714763094988,0.0,0.3799714763094988,-0.021136545993984148,0.00220072627837746,-0.021136545993984148,0.00220072627837746,2.5,0.2099999999999862,0.4399999999999813,0.13385899817007174,300,100,20,60,60,60,20.0,20.0
continuous_wall_30in,777,nominal,"[1.0, 1.873, 0.0]",delayed_scan,PASS,False,,fault_stop_or_recovery,0,,stale_scan_header,0,0.7662639617919922,0.7662689978560576,0.10195059656219452,0.0,0.3799714763094988,0.0,0.3799714763094988,-0.021136545993984148,0.00220072627837746,-0.021136545993984148,0.00220072627837746,2.5,0.009999999999990461,0.23999999999998556,0.05816492723921374,280,100,20,56,56,56,19.999999999999996,19.999999999999996
continuous_wall_30in,777,nominal,"[1.0, 1.873, 0.0]",malformed_scan,PASS,False,,fault_stop_or_recovery,0,,too_many_invalid_ranges,0,0.7662639617919922,0.7662689978560576,0.10195059656219452,0.0,0.3799714763094988,0.0,0.3799714763094988,-0.021136545993984148,0.00220072627837746,-0.021136545993984148,0.00220072627837746,2.5,0.009999999999990461,0.23999999999998556,0.05816492723921374,280,100,20,56,56,56,19.999999999999996,19.999999999999996
continuous_wall_30in,777,nominal,"[1.0, 1.873, 0.0]",sensor_dropout,PASS,False,,fault_stop_or_recovery,0,,,0,0.8269602060317993,0.8269652198461935,0.10195059656219452,0.0,0.3799714763094988,0.0,0.3799714763094988,-0.021136545993984148,0.00220072627837746,-0.021136545993984148,0.00220072627837746,2.5,,0.39999999999998215,0.1188610320466672,296,100,20,60,50,50,16.89189189189189,16.89189189189189
continuous_wall_30in,777,nominal,"[1.0, 1.873, 0.0]",command_burst,PASS,False,,fault_stop_or_recovery,0,,,0,0.8412846326828003,0.8412909728235184,0.1005751747131105,0.0,0.3799714763094988,0.0,0.3799714763094988,-0.021136545993984148,0.006576123717121397,-0.021136545993984148,0.00220072627837746,2.5,,0.4399999999999813,0.13324838596981914,300,100,20,60,60,50,20.0,16.666666666666668
continuous_wall_30in,777,nominal,"[1.0, 1.873, 0.0]",restart,PASS,True,corridor_traversal,fault_stop_or_recovery,0,,,0,6.2631049156188965,6.263310568795164,0.07901500894876556,0.0,0.37999394362765704,0.0,0.37999394362765704,-0.04729599653278713,0.09295249684883605,-0.04729599653278713,0.09295249684883605,2.5,,0.39999999999998215,0.1188610320466672,2030,100,20,406,388,394,19.113300492610836,19.40886699507389
obstacle_ahead,888,nominal,"[1.0, 1.873, 0.0]",obstacle_ahead,PASS,False,,safe_stop,0,,front_clearance_stop,0,2.3825454711914062,2.3825531910345146,0.10005336982669633,0.0,0.3799848122208799,0.0,0.3799848122208799,-0.021254888654278416,0.00729560855687855,-0.021254888654278416,0.00729560855687855,7.45,0.009999999999885212,0.11999999999988287,0.015408279776489842,762,100,20,153,153,153,20.078740157480315,20.078740157480315
opening_obstacle,888,nominal,"[1.0, 1.873, 0.0]",opening_obstacle,PASS,False,,safe_stop,0,,front_clearance_stop,0,2.0259816646575928,2.027403185397081,0.08361757259507985,0.0,0.379972525036552,0.0,0.379972525036552,-0.288,0.011099082661651247,-0.288,0.011099082661651247,6.9,0.009999999999896758,0.11999999999989441,0.015282867219427843,707,100,20,142,142,142,20.084865629420083,20.084865629420083
