step,sim_time_s,x_m,y_m,yaw_rad,actual_speed_mps,requested_speed_mps,requested_steering_rad,request_reason,applied_speed_mps,applied_steering_rad,applied_reason,distance_travelled_m,collision,scan_event,request_published
1,0.01,1.0,1.8730000257492065,0.0,0.0,0.0,0.0,wall_lost,0.0,0.0,wall_lost,0.0,0,1,1
2,0.02,1.0,1.8730000257492065,0.0,0.0,0.0,0.0,wall_lost,0.0,0.0,wall_lost,0.0,0,0,0
3,0.03,1.0,1.8730000257492065,0.0,0.0,0.0,0.0,wall_lost,0.0,0.0,wall_lost,0.0,0,0,0
4,0.04,1.0,1.8730000257492065,0.0,0.0,0.0,0.0,wall_lost,0.0,0.0,wall_lost,0.0,0,0,0
5,0.05,1.0,1.8730000257492065,0.0,0.0,0.0,0.0,wall_lost,0.0,0.0,wall_lost,0.0,0,0,0
6,0.060000000000000005,1.0,1.8730000257492065,0.0,0.0,0.0,0.0,recovery_gate,0.0,0.0,recovery_gate,0.0,0,1,1
7,0.07,1.0,1.8730000257492065,0.0,0.0,0.0,0.0,recovery_gate,0.0,0.0,recovery_gate,0.0,0,0,0
8,0.08,1.0,1.8730000257492065,0.0,0.0,0.0,0.0,recovery_gate,0.0,0.0,recovery_gate,0.0,0,0,0
9,0.09,1.0,1.8730000257492065,0.0,0.0,0.0,0.0,recovery_gate,0.0,0.0,recovery_gate,0.0,0,0,0
10,0.09999999999999999,1.0,1.8730000257492065,0.0,0.0,0.0,0.0,recovery_gate,0.0,0.0,recovery_gate,0.0,0,0,0
11,0.10999999999999999,1.0,1.8730000257492065,0.0,0.0,0.0,0.0,recovery_gate,0.0,0.0,recovery_gate,0.0,0,1,1
12,0.11999999999999998,1.0,1.8730000257492065,0.0,0.0,0.0,0.0,recovery_gate,0.0,0.0,recovery_gate,0.0,0,0,0
13,0.12999999999999998,1.0,1.8730000257492065,0.0,0.0,0.0,0.0,recovery_gate,0.0,0.0,recovery_gate,0.0,0,0,0
14,0.13999999999999999,1.0,1.8730000257492065,0.0,0.0,0.0,0.0,recovery_gate,0.0,0.0,recovery_gate,0.0,0,0,0
15,0.15,1.0,1.8730000257492065,0.0,0.0,0.0,0.0,recovery_gate,0.0,0.0,recovery_gate,0.0,0,0,0
16,0.16,1.0,1.8730000257492065,0.0,0.0,0.0,0.0,recovery_gate,0.0,0.0,recovery_gate,0.0,0,1,1
17,0.17,1.0,1.8730000257492065,0.0,0.0,0.0,0.0,recovery_gate,0.0,0.0,recovery_gate,0.0,0,0,0
18,0.18000000000000002,1.0,1.8730000257492065,0.0,0.0,0.0,0.0,recovery_gate,0.0,0.0,recovery_gate,0.0,0,0,0
19,0.19000000000000003,1.0,1.8730000257492065,0.0,0.0,0.0,0.0,recovery_gate,0.0,0.0,recovery_gate,0.0,0,0,0
20,0.20000000000000004,1.0,1.8730000257492065,0.0,0.0,0.0,0.0,recovery_gate,0.0,0.0,recovery_gate,0.0,0,0,0
21,0.21000000000000005,1.0000003576278687,1.8730000257492065,-2.505225893401075e-08,7.608000305481255e-05,0.040000000000000015,-0.010152866136682056,tracking,0.008,-0.010152866136682056,tracking,3.5762786865234375e-07,0,1,1
22,0.22000000000000006,1.0000048875808716,1.8730000257492065,-1.8727878625668382e-07,0.0008332624565809965,0.040000000000000015,-0.010152866136682056,tracking,0.016,-0.010152866136682056,tracking,4.887580871582031e-06,0,0,0
23,0.23000000000000007,1.0000187158584595,1.8730000257492065,-9.61573618951661e-07,0.0019348408095538616,0.040000000000000015,-0.010152866136682056,tracking,0.024,-0.010152866136682056,tracking,1.8715858459472656e-05,0,0,0
24,0.24000000000000007,1.0000451803207397,1.8730000257492065,-2.1525586362258764e-06,0.003364439122378826,0.040000000000000015,-0.010152866136682056,tracking,0.032,-0.010152866136682056,tracking,4.5180320739746094e-05,0,0,0
25,0.25000000000000006,1.0000874996185303,1.8730000257492065,-4.387920853332616e-06,0.005106459837406874,0.040000000000000015,-0.010152866136682056,tracking,0.04,-0.010152866136682056,tracking,8.749961853027344e-05,0,0,0
26,0.26000000000000006,1.0001487731933594,1.8730000257492065,-7.2458233262295835e-06,0.007146047428250313,0.08000000000000002,-0.008351608672981905,tracking,0.048,-0.008351608672981905,tracking,0.000148773193359375,0,1,1
27,0.2700000000000001,1.0002318620681763,1.8730000257492065,-1.15402772280504e-05,0.009469052776694298,0.08000000000000002,-0.008351608672981905,tracking,0.056,-0.008351608672981905,tracking,0.00023186206817626953,0,0,0
28,0.2800000000000001,1.0003395080566406,1.8730000257492065,-1.6644009519950487e-05,0.012061999179422855,0.08000000000000002,-0.008351608672981905,tracking,0.064,-0.008351608672981905,tracking,0.000339508056640625,0,0,0
29,0.2900000000000001,1.0004743337631226,1.8730000257492065,-2.3540058464277536e-05,0.014912051148712635,0.08000000000000002,-0.008351608672981905,tracking,0.07200000000000001,-0.008351608672981905,tracking,0.0004743337631225586,0,0,0
30,0.3000000000000001,1.0006389617919922,1.8730000257492065,-3.141479101032019e-05,0.018006982281804085,0.08000000000000002,-0.008351608672981905,tracking,0.08000000000000002,-0.008351608672981905,tracking,0.0006389617919921875,0,0,0
31,0.3100000000000001,1.000835657119751,1.8730000257492065,-4.1404575313208625e-05,0.02133515104651451,0.12000000000000001,-0.007361105335459224,tracking,0.08800000000000002,-0.007361105335459224,tracking,0.0008356571197509766,0,1,1
32,0.3200000000000001,1.00106680393219,1.8730000257492065,-5.252671689959243e-05,0.02488546445965767,0.12000000000000001,-0.007361105335459224,tracking,0.09600000000000003,-0.007361105335459224,tracking,0.0010668039321899414,0,0,0
33,0.3300000000000001,1.0013344287872314,1.8730000257492065,-6.605668022530153e-05,0.02864736132323742,0.12000000000000001,-0.007361105335459224,tracking,0.10400000000000004,-0.007361105335459224,tracking,0.0013344287872314453,0,0,0
34,0.34000000000000014,1.0016406774520874,1.8730000257492065,-8.085840818239376e-05,0.032610777765512466,0.12000000000000001,-0.007361105335459224,tracking,0.11200000000000004,-0.007361105335459224,tracking,0.0016406774520874023,0,0,0
35,0.35000000000000014,1.0019875764846802,1.8730000257492065,-9.833355579758063e-05,0.036766134202480316,0.12000000000000001,-0.007361105335459224,tracking,0.12000000000000001,-0.007361105335459224,tracking,0.0019875764846801758,0,0,0
36,0.36000000000000015,1.002376914024353,1.8730000257492065,-0.00011720693873940036,0.041104305535554886,0.16000000000000003,-0.006525438893171845,tracking,0.128,-0.006525438893171845,tracking,0.0023769140243530273,0,1,1
37,0.37000000000000016,1.0028104782104492,1.8730000257492065,-0.00013899467012379318,0.045616596937179565,0.16000000000000003,-0.006525438893171845,tracking,0.136,-0.006525438893171845,tracking,0.0028104782104492188,0,0,0
38,0.38000000000000017,1.003290057182312,1.872999906539917,-0.0001622953568585217,0.050294727087020874,0.16000000000000003,-0.006525438893171845,tracking,0.14400000000000002,-0.006525438893171845,tracking,0.003290057197127981,0,0,0
39,0.3900000000000002,1.0038172006607056,1.8729997873306274,-0.000188728969078511,0.055130813270807266,0.16000000000000003,-0.006525438893171845,tracking,0.15200000000000002,-0.006525438893171845,tracking,0.00381720068900065,0,0,0
40,0.4000000000000002,1.004393458366394,1.872999668121338,-0.00021677960467059165,0.060117341578006744,0.16000000000000003,-0.006525438893171845,tracking,0.16000000000000003,-0.006525438893171845,tracking,0.004393458407019421,0,0,0
41,0.4100000000000002,1.005020260810852,1.8729995489120483,-0.0002481614355929196,0.06524716317653656,0.2,-0.005231178834436438,tracking,0.16800000000000004,-0.005231178834436438,tracking,0.005020260862813421,0,1,1
42,0.4200000000000002,1.0056990385055542,1.8729993104934692,-0.0002812547027133405,0.07051345705986023,0.2,-0.005231178834436438,tracking,0.17600000000000005,-0.005231178834436438,tracking,0.005699038599387465,0,0,0
43,0.4300000000000002,1.0064311027526855,1.8729990720748901,-0.0003178590559400618,0.07590974122285843,0.2,-0.005231178834436438,tracking,0.18400000000000005,-0.005231178834436438,tracking,0.0064311028853428764,0,0,0
44,0.4400000000000002,1.0072177648544312,1.872998833656311,-0.00035626048338599503,0.08142983168363571,0.2,-0.005231178834436438,tracking,0.19200000000000006,-0.005231178834436438,tracking,0.007217765023217982,0,0,0
45,0.45000000000000023,1.0080602169036865,1.8729984760284424,-0.00039833615301176906,0.08706784248352051,0.2,-0.005231178834436438,tracking,0.2,-0.005231178834436438,tracking,0.008060217148381345,0,0,0
46,0.46000000000000024,1.0089596509933472,1.8729981184005737,-0.0004422866040840745,0.09281816333532333,0.24,-0.00497375170639352,tracking,0.20800000000000002,-0.00497375170639352,tracking,0.008959651309140967,0,1,1
47,0.47000000000000025,1.009917140007019,1.8729976415634155,-0.0004900593194179237,0.09867545962333679,0.24,-0.00497375170639352,tracking,0.21600000000000003,-0.00497375170639352,tracking,0.009917140441547187,0,0,0
48,0.48000000000000026,1.0109336376190186,1.8729971647262573,-0.00053977727657184,0.10463464260101318,0.24,-0.00497375170639352,tracking,0.22400000000000003,-0.00497375170639352,tracking,0.01093363816538841,0,0,0
49,0.49000000000000027,1.0120102167129517,1.8729965686798096,-0.0005934517830610275,0.11069086194038391,0.24,-0.00497375170639352,tracking,0.23200000000000004,-0.00497375170639352,tracking,0.012010217424321627,0,0,0
50,0.5000000000000002,1.0131478309631348,1.8729958534240723,-0.0006491355015896261,0.11683951318264008,0.24,-0.00497375170639352,tracking,0.24,-0.00497375170639352,tracking,0.01314783189935719,0,0,0
51,0.5100000000000002,1.0143474340438843,1.8729950189590454,-0.0007088975398801267,0.1230761930346489,0.27999999999999997,-0.00324648674677068,tracking,0.248,-0.00324648674677068,tracking,0.01434743527034095,0,1,1
52,0.5200000000000002,1.0156097412109375,1.872994065284729,-0.0007707267650403082,0.1293967217206955,0.27999999999999997,-0.00324648674677068,tracking,0.256,-0.00324648674677068,tracking,0.015609742797645067,0,0,0
53,0.5300000000000002,1.0169357061386108,1.872992992401123,-0.0008367448463104665,0.13579711318016052,0.27999999999999997,-0.00324648674677068,tracking,0.264,-0.00324648674677068,tracking,0.01693570815937176,0,0,0
54,0.5400000000000003,1.0183260440826416,1.8729918003082275,-0.0009048827923834324,0.14227356016635895,0.27999999999999997,-0.00324648674677068,tracking,0.272,-0.00324648674677068,tracking,0.018326046614460002,0,0,0
55,0.5500000000000003,1.019781470298767,1.8729904890060425,-0.000977309769950807,0.14882245659828186,0.27999999999999997,-0.00324648674677068,tracking,0.27999999999999997,-0.00324648674677068,tracking,0.01978147342131041,0,0,0
56,0.5600000000000003,1.0213028192520142,1.8729889392852783,-0.0010519044008105993,0.1554403454065323,0.32,-0.0026263054201434237,tracking,0.288,-0.0026263054201434237,tracking,0.02130282316386812,0,1,1
57,0.5700000000000003,1.0228906869888306,1.8729872703552246,-0.0011308790417388082,0.16212396323680878,0.32,-0.0026263054201434237,tracking,0.296,-0.0026263054201434237,tracking,0.022890691777749626,0,0,0
58,0.5800000000000003,1.024545669555664,1.8729853630065918,-0.0012120645260438323,0.16887016594409943,0.32,-0.0026263054201434237,tracking,0.304,-0.0026263054201434237,tracking,0.024545675443681587,0,0,0
59,0.5900000000000003,1.0262683629989624,1.8729832172393799,-0.0012977125588804483,0.17567598819732666,0.32,-0.0026263054201434237,tracking,0.312,-0.0026263054201434237,tracking,0.026268370223350934,0,0,0
60,0.6000000000000003,1.028059482574463,1.8729808330535889,-0.0013856106670573354,0.18253859877586365,0.32,-0.0026263054201434237,tracking,0.32,-0.0026263054201434237,tracking,0.028059491385663226,0,0,0
61,0.6100000000000003,1.0299195051193237,1.8729782104492188,-0.001478046178817749,0.1894552856683731,0.36,-0.0020714261398467456,tracking,0.328,-0.0020714261398467456,tracking,0.0299195157794399,0,1,1
62,0.6200000000000003,1.0318489074707031,1.87297523021698,-0.0015727675054222345,0.1964234858751297,0.36,-0.0020714261398467456,tracking,0.336,-0.0020714261398467456,tracking,0.03184892043251103,0,0,0
63,0.6300000000000003,1.0338482856750488,1.872972011566162,-0.00167209398932755,0.20344075560569763,0.36,-0.0020714261398467456,tracking,0.34400000000000003,-0.0020714261398467456,tracking,0.03384830122758878,0,0,0
64,0.6400000000000003,1.0359179973602295,1.8729684352874756,-0.001773738651536405,0.21050474047660828,0.36,-0.0020714261398467456,tracking,0.35200000000000004,-0.0020714261398467456,tracking,0.03591801600251373,0,0,0
65,0.6500000000000004,1.0380586385726929,1.87296462059021,-0.0018800500547513366,0.21761323511600494,0.36,-0.0020714261398467456,tracking,0.36,-0.0020714261398467456,tracking,0.03805866061393617,0,0,0
66,0.6600000000000004,1.0402705669403076,1.8729603290557861,-0.001988708972930908,0.2247641235589981,0.37956277530818655,-0.0006296035562113438,tracking,0.368,-0.0006296035562113438,tracking,0.04027059314471701,0,1,1
67,0.6700000000000004,1.0425541400909424,1.8729556798934937,-0.002102090511471033,0.2319553941488266,0.37956277530818655,-0.0006296035562113438,tracking,0.376,-0.0006296035562113438,tracking,0.04255417102799798,0,0,0
68,0.6800000000000004,1.0449087619781494,1.872950553894043,-0.0022178112994879484,0.23897412419319153,0.37956277530818655,-0.0006296035562113438,tracking,0.37956277530818655,-0.0006296035562113438,tracking,0.04490879849483531,0,0,0
69,0.6900000000000004,1.0473319292068481,1.8729450702667236,-0.0023380445782095194,0.24565911293029785,0.37956277530818655,-0.0006296035562113438,tracking,0.37956277530818655,-0.0006296035562113438,tracking,0.047331971928250276,0,0,0
70,0.7000000000000004,1.0498203039169312,1.8729389905929565,-0.002460426650941372,0.252026230096817,0.37956277530818655,-0.0006296035562113438,tracking,0.37956277530818655,-0.0006296035562113438,tracking,0.049820354065345344,0,0,0
71,0.7100000000000004,1.0523709058761597,1.8729327917099,-0.002333951648324728,0.25808870792388916,0.3795231089838483,0.0006867230632585063,tracking,0.3795231089838483,0.0006867230632585063,tracking,0.05237096355732398,0,1,1
72,0.7200000000000004,1.0549806356430054,1.872926950454712,-0.002205528086051345,0.2638629078865051,0.3795231089838483,0.0006867230632585063,tracking,0.3795231089838483,0.0006867230632585063,tracking,0.05498069986128702,0,0,0
73,0.7300000000000004,1.0576467514038086,1.8729212284088135,-0.0020733922719955444,0.26936253905296326,0.3795231089838483,0.0006867230632585063,tracking,0.3795231089838483,0.0006867230632585063,tracking,0.057646821762440945,0,0,0
74,0.7400000000000004,1.0603665113449097,1.8729158639907837,-0.001939488691277802,0.27460068464279175,0.3795231089838483,0.0006867230632585063,tracking,0.3795231089838483,0.0006867230632585063,tracking,0.06036658699388996,0,0,0
75,0.7500000000000004,1.063137412071228,1.8729106187820435,-0.00180221744813025,0.2795897424221039,0.3795231089838483,0.0006867230632585063,tracking,0.3795231089838483,0.0006867230632585063,tracking,0.0631374926846933,0,0,0
76,0.7600000000000005,1.065956950187683,1.8729058504104614,-0.0016633457271382213,0.2843230366706848,0.379133270538523,-0.0012480904245268428,tracking,0.379133270538523,-0.0012480904245268428,tracking,0.06595703483325406,0,1,1
77,0.7700000000000005,1.0688227415084839,1.8729009628295898,-0.0018052606610581279,0.28883126378059387,0.379133270538523,-0.0012480904245268428,tracking,0.379133270538523,-0.0012480904245268428,tracking,0.06882283032191404,0,0,0
78,0.7800000000000005,1.071732521057129,1.8728954792022705,-0.0019486246164888144,0.29312512278556824,0.379133270538523,-0.0012480904245268428,tracking,0.379133270538523,-0.0012480904245268428,tracking,0.07173261503764154,0,0,0
79,0.7900000000000005,1.0746842622756958,1.8728896379470825,-0.002094749128445983,0.2972148060798645,0.379133270538523,-0.0012480904245268428,tracking,0.379133270538523,-0.0012480904245268428,tracking,0.07468436203588665,0,0,0
80,0.8000000000000005,1.0776759386062622,1.8728830814361572,-0.0022421882022172213,0.30111002922058105,0.379133270538523,-0.0012480904245268428,tracking,0.379133270538523,-0.0012480904245268428,tracking,0.07767604555101768,0,0,0
81,0.8100000000000005,1.0807057619094849,1.8728764057159424,-0.0020922331605106592,0.30485519766807556,0.37987272407200495,0.00018327733631288978,tracking,0.37987272407200495,0.00018327733631288978,tracking,0.08070587620866035,0,1,1
82,0.8200000000000005,1.0837721824645996,1.8728703260421753,-0.0019410745007917285,0.3084222674369812,0.37987272407200495,0.00018327733631288978,tracking,0.37987272407200495,0.00018327733631288978,tracking,0.08377230279073652,0,0,0
83,0.8300000000000005,1.0868734121322632,1.8728644847869873,-0.0017876224592328072,0.31181973218917847,0.37987272407200495,0.00018327733631288978,tracking,0.37987272407200495,0.00018327733631288978,tracking,0.08687353795948122,0,0,0
84,0.8400000000000005,1.0900077819824219,1.872859239578247,-0.0016330784419551492,0.31505563855171204,0.37987272407200495,0.00018327733631288978,tracking,0.37987272407200495,0.00018327733631288978,tracking,0.09000791219843204,0,0,0
85,0.8500000000000005,1.0931737422943115,1.872854232788086,-0.001476453966461122,0.3181377053260803,0.37987272407200495,0.00018327733631288978,tracking,0.37987272407200495,0.00018327733631288978,tracking,0.09317387646929931,0,0,0
86,0.8600000000000005,1.0963695049285889,1.8728498220443726,-0.0013188474113121629,0.3210212290287018,0.37877960406414274,-0.001757370147634425,tracking,0.37877960406414274,-0.001757370147634425,tracking,0.0963696421473964,0,1,1
87,0.8700000000000006,1.0995934009552002,1.8728454113006592,-0.001478307880461216,0.32376763224601746,0.37877960406414274,-0.001757370147634425,tracking,0.37877960406414274,-0.001757370147634425,tracking,0.09959354119126555,0,0,0
88,0.8800000000000006,1.1028441190719604,1.8728402853012085,-0.0016386510105803609,0.32638344168663025,0.37877960406414274,-0.001757370147634425,tracking,0.37877960406414274,-0.001757370147634425,tracking,0.10284426334957188,0,0,0
89,0.8900000000000006,1.1061203479766846,1.8728346824645996,-0.0018006759928539395,0.3288748860359192,0.37877960406414274,-0.001757370147634425,tracking,0.37877960406414274,-0.001757370147634425,tracking,0.10612049704513266,0,0,0
90,0.9000000000000006,1.1094210147857666,1.8728283643722534,-0.0019635017961263657,0.33124786615371704,0.37877960406414274,-0.001757370147634425,tracking,0.37877960406414274,-0.001757370147634425,tracking,0.10942116990121316,0,0,0
91,0.9100000000000006,1.1127450466156006,1.8728218078613281,-0.0019635017961263657,0.33356359601020813,0.3799488428488855,7.366629760484703e-05,tracking,0.3799488428488855,7.366629760484703e-05,tracking,0.11274520819725985,0,1,1
92,0.9200000000000006,1.1160917282104492,1.8728152513504028,-0.0019635017961263657,0.3357692062854767,0.3799488428488855,7.366629760484703e-05,tracking,0.3799488428488855,7.366629760484703e-05,tracking,0.11609189621455905,0,0,0
93,0.9300000000000006,1.119459867477417,1.8728086948394775,-0.0019635017961263657,0.33786994218826294,0.3799488428488855,7.366629760484703e-05,tracking,0.3799488428488855,7.366629760484703e-05,tracking,0.11946004186306146,0,0,0
94,0.9400000000000006,1.1228485107421875,1.8728020191192627,-0.0019635017961263657,0.33987078070640564,0.3799488428488855,7.366629760484703e-05,tracking,0.3799488428488855,7.366629760484703e-05,tracking,0.12284869170350159,0,0,0
95,0.9500000000000006,1.1262567043304443,1.8727953433990479,-0.0019635017961263657,0.3417764902114868,0.3799488428488855,7.366629760484703e-05,tracking,0.3799488428488855,7.366629760484703e-05,tracking,0.12625689182970828,0,0,0
96,0.9600000000000006,1.129683494567871,1.872788667678833,-0.0019635017961263657,0.3435926139354706,0.3799706248533681,-4.230021114997023e-05,tracking,0.3799706248533681,-4.230021114997023e-05,tracking,0.12968368856960455,0,1,1
97,0.9700000000000006,1.133128046989441,1.8727818727493286,-0.0019635017961263657,0.3453224003314972,0.3799706248533681,-4.230021114997023e-05,tracking,0.3799706248533681,-4.230021114997023e-05,tracking,0.1331282476932094,0,0,0
98,0.9800000000000006,1.136589527130127,1.8727750778198242,-0.0019635017961263657,0.34696993231773376,0.3799706248533681,-4.230021114997023e-05,tracking,0.3799706248533681,-4.230021114997023e-05,tracking,0.1365897345031555,0,0,0
99,0.9900000000000007,1.1400671005249023,1.8727682828903198,-0.0019635017961263657,0.3485391139984131,0.3799706248533681,-4.230021114997023e-05,tracking,0.3799706248533681,-4.230021114997023e-05,tracking,0.1400673145363275,0,0,0
100,1.0000000000000007,1.1435599327087402,1.8727613687515259,-0.0019635017961263657,0.3500336706638336,0.3799706248533681,-4.230021114997023e-05,tracking,0.3799706248533681,-4.230021114997023e-05,tracking,0.14356015356350427,0,0,0
101,1.0100000000000007,1.1470674276351929,1.872754454612732,-0.0019635017961263657,0.35145795345306396,0.37998710908909,-1.8562911710369272e-05,tracking,0.37998710908909,-1.8562911710369272e-05,tracking,0.1470676553046879,0,1,1
102,1.0200000000000007,1.1505887508392334,1.872747540473938,-0.0019635017961263657,0.35281452536582947,0.37998710908909,-1.8562911710369272e-05,tracking,0.37998710908909,-1.8562911710369272e-05,tracking,0.15058898529669795,0,0,0
103,1.0300000000000007,1.154123306274414,1.872740626335144,-0.0019635017961263657,0.3541065752506256,0.37998710908909,-1.8562911710369272e-05,tracking,0.37998710908909,-1.8562911710369272e-05,tracking,0.15412354749443624,0,0,0
104,1.0400000000000007,1.157670497894287,1.87273371219635,-0.0019635017961263657,0.3553372025489807,0.37998710908909,-1.8562911710369272e-05,tracking,0.37998710908909,-1.8562911710369272e-05,tracking,0.15767074585277663,0,0,0
105,1.0500000000000007,1.1612297296524048,1.8727266788482666,-0.0019635017961263657,0.3565092980861664,0.37998710908909,-1.8562911710369272e-05,tracking,0.37998710908909,-1.8562911710369272e-05,tracking,0.1612299845601379,0,0,0
106,1.0600000000000007,1.1648004055023193,1.872719645500183,-0.0019635017961263657,0.35762324929237366,0.37993642532829186,-9.154752725971764e-05,tracking,0.37993642532829186,-9.154752725971764e-05,tracking,0.16480066733702362,0,1,1
107,1.0700000000000007,1.168381929397583,1.8727126121520996,-0.0019635017961263657,0.358684241771698,0.37993642532829186,-9.154752725971764e-05,tracking,0.37993642532829186,-9.154752725971764e-05,tracking,0.16838219813827746,0,0,0
108,1.0800000000000007,1.1719738245010376,1.8727055788040161,-0.0019635017961263657,0.35969477891921997,0.37993642532829186,-9.154752725971764e-05,tracking,0.37993642532829186,-9.154752725971764e-05,tracking,0.17197410012778194,0,0,0
109,1.0900000000000007,1.175575613975525,1.8726985454559326,-0.0019635017961263657,0.360657274723053,0.37993642532829186,-9.154752725971764e-05,tracking,0.37993642532829186,-9.154752725971764e-05,tracking,0.17557589646940272,0,0,0
110,1.1000000000000008,1.1791868209838867,1.8726915121078491,-0.0019635017961263657,0.3615739941596985,0.37993642532829186,-9.154752725971764e-05,tracking,0.37993642532829186,-9.154752725971764e-05,tracking,0.1791871103269895,0,0,0
111,1.1100000000000008,1.1828068494796753,1.8726842403411865,-0.0021423727739602327,0.3624410629272461,0.3798086650192193,-0.00027552237232425416,tracking,0.3798086650192193,-0.00027552237232425416,tracking,0.18280714612638593,0,1,1
112,1.1200000000000008,1.186435341835022,1.8726760149002075,-0.0023215224500745535,0.36326688528060913,0.3798086650192193,-0.00027552237232425416,tracking,0.3798086650192193,-0.00027552237232425416,tracking,0.18643564780485994,0,0,0
113,1.1300000000000008,1.190071940422058,1.8726673126220703,-0.0025012032128870487,0.3640534579753876,0.3798086650192193,-0.00027552237232425416,tracking,0.3798086650192193,-0.00027552237232425416,tracking,0.19007225680403458,0,0,0
114,1.1400000000000008,1.1937161684036255,1.8726577758789062,-0.002681136829778552,0.36480262875556946,0.3798086650192193,-0.00027552237232425416,tracking,0.3798086650192193,-0.00027552237232425416,tracking,0.19371649726414542,0,0,0
115,1.1500000000000008,1.197367787361145,1.872647762298584,-0.0028615519404411316,0.36551615595817566,0.3798086650192193,-0.00027552237232425416,tracking,0.3798086650192193,-0.00027552237232425416,tracking,0.19736812995141106,0,0,0
116,1.1600000000000008,1.2010260820388794,1.8726367950439453,-0.0030421901028603315,0.36615777015686035,0.37900956278483555,0.0014262295898368298,tracking,0.37900956278483555,0.0014262295898368298,tracking,0.20102644106855433,0,1,1
117,1.1700000000000008,1.20469069480896,1.8726258277893066,-0.002861139364540577,0.36676886677742004,0.37900956278483555,0.0014262295898368298,tracking,0.37900956278483555,0.0014262295898368298,tracking,0.204691070249701,0,0,0
118,1.1800000000000008,1.208361268043518,1.8726158142089844,-0.0026798921171575785,0.36735090613365173,0.37900956278483555,0.0014262295898368298,tracking,0.37900956278483555,0.0014262295898368298,tracking,0.2083616571431072,0,0,0
119,1.1900000000000008,1.2120375633239746,1.8726061582565308,-0.0024982707109302282,0.36790528893470764,0.37900956278483555,0.0014262295898368298,tracking,0.37900956278483555,0.0014262295898368298,tracking,0.21203796510443537,0,0,0
120,1.2000000000000008,1.215719223022461,1.8725974559783936,-0.002316471189260483,0.36843329668045044,0.37900956278483555,0.0014262295898368298,tracking,0.37900956278483555,0.0014262295898368298,tracking,0.2157196350876228,0,0,0
121,1.2100000000000009,1.2194061279296875,1.872589111328125,-0.0021343277767300606,0.36894989013671875,0.3792977965945224,0.0010111729038877661,tracking,0.3792977965945224,0.0010111729038877661,tracking,0.21940654943814944,0,1,1
122,1.2200000000000009,1.2230980396270752,1.8725817203521729,-0.0019520182395353913,0.3694419264793396,0.3792977965945224,0.0010111729038877661,tracking,0.3792977965945224,0.0010111729038877661,tracking,0.22309846853366516,0,0,0
123,1.2300000000000009,1.2267948389053345,1.8725746870040894,-0.0017693924019113183,0.3699105679988861,0.3792977965945224,0.0010111729038877661,tracking,0.3792977965945224,0.0010111729038877661,tracking,0.22679527450256906,0,0,0
124,1.2400000000000009,1.2304961681365967,1.8725686073303223,-0.0015866159228608012,0.3703569173812866,0.3792977965945224,0.0010111729038877661,tracking,0.3792977965945224,0.0010111729038877661,tracking,0.2304966087269575,0,0,0
125,1.2500000000000009,1.2342019081115723,1.8725630044937134,-0.0014035524800419807,0.3707820475101471,0.3792977965945224,0.0010111729038877661,tracking,0.3792977965945224,0.0010111729038877661,tracking,0.23420235293749203,0,0,0
126,1.260000000000001,1.237911581993103,1.8725582361221313,-0.0012203569058328867,0.37115931510925293,0.37871630549621943,-0.0018485200854440349,tracking,0.37871630549621943,-0.0018485200854440349,tracking,0.23791202988362617,0,1,1
127,1.270000000000001,1.2416249513626099,1.8725534677505493,-0.001403795089572668,0.37151864171028137,0.37871630549621943,-0.0018485200854440349,tracking,0.37871630549621943,-0.0018485200854440349,tracking,0.24162540231468654,0,0,0
128,1.280000000000001,1.2453418970108032,1.8725477457046509,-0.0015873487573117018,0.37186089158058167,0.37871630549621943,-0.0018485200854440349,tracking,0.37871630549621943,-0.0018485200854440349,tracking,0.2453423523672744,0,0,0
129,1.290000000000001,1.249062180519104,1.8725416660308838,-0.0017711224500089884,0.3721868693828583,0.37871630549621943,-0.0018485200854440349,tracking,0.37871630549621943,-0.0018485200854440349,tracking,0.2490626408432622,0,0,0
130,1.300000000000001,1.252785563468933,1.8725346326828003,-0.0019550009164959192,0.3724973499774933,0.37871630549621943,-0.0018485200854440349,tracking,0.37871630549621943,-0.0018485200854440349,tracking,0.25278603043596715,0,0,0
131,1.310000000000001,1.2565122842788696,1.8725271224975586,-0.002139096846804023,0.3728468716144562,0.3798478886250636,-0.0002190403799084452,tracking,0.3798478886250636,-0.0002190403799084452,tracking,0.25651275881325686,0,1,1
132,1.320000000000001,1.2602424621582031,1.8725186586380005,-0.0023233050014823675,0.37317976355552673,0.3798478886250636,-0.0002190403799084452,tracking,0.3798478886250636,-0.0002190403799084452,tracking,0.26024294629492417,0,0,0
133,1.330000000000001,1.2639758586883545,1.8725097179412842,-0.00250772712752223,0.3734968304634094,0.3798478886250636,-0.0002190403799084452,tracking,0.3798478886250636,-0.0002190403799084452,tracking,0.263976353530601,0,0,0
134,1.340000000000001,1.2677123546600342,1.872499942779541,-0.002692251233384013,0.37379881739616394,0.3798478886250636,-0.0002190403799084452,tracking,0.3798478886250636,-0.0002190403799084452,tracking,0.2677128622888091,0,0,0
135,1.350000000000001,1.271451711654663,1.8724896907806396,-0.0028769695200026035,0.3740864396095276,0.3798478886250636,-0.0002190403799084452,tracking,0.3798478886250636,-0.0002190403799084452,tracking,0.27145223333709534,0,0,0
136,1.360000000000001,1.2751935720443726,1.8724784851074219,-0.0030617702286690474,0.3742992877960205,0.3785627682848883,0.002069613669760921,tracking,0.3785627682848883,0.002069613669760921,tracking,0.27519411050546805,0,1,1
137,1.370000000000001,1.278937578201294,1.872467279434204,-0.0028768328484147787,0.3745020031929016,0.3785627682848883,0.002069613669760921,tracking,0.3785627682848883,0.002069613669760921,tracking,0.27893813343143653,0,0,0
138,1.380000000000001,1.2826834917068481,1.8724569082260132,-0.002691830275580287,0.3746950924396515,0.3785627682848883,0.002069613669760921,tracking,0.3785627682848883,0.002069613669760921,tracking,0.2826840612942033,0,0,0
139,1.390000000000001,1.2864313125610352,1.8724470138549805,-0.0025067036040127277,0.37487900257110596,0.3785627682848883,0.002069613669760921,tracking,0.3785627682848883,0.002069613669760921,tracking,0.286431895209101,0,0,0
140,1.400000000000001,1.2901809215545654,1.8724380731582642,-0.0023215177934616804,0.37505418062210083,0.3785627682848883,0.002069613669760921,tracking,0.3785627682848883,0.002069613669760921,tracking,0.2901815148618686,0,0,0
141,1.410000000000001,1.293932318687439,1.872429609298706,-0.002136213704943657,0.37523844838142395,0.37892915768855734,0.0015420129284774422,tracking,0.37892915768855734,0.0015420129284774422,tracking,0.29393292154276185,0,1,1
142,1.420000000000001,1.2976856231689453,1.8724220991134644,-0.0019508502446115017,0.3754139542579651,0.37892915768855734,0.0015420129284774422,tracking,0.37892915768855734,0.0015420129284774422,tracking,0.2976862335380239,0,0,0
143,1.430000000000001,1.3014405965805054,1.8724149465560913,-0.0017653739778324962,0.37558111548423767,0.37892915768855734,0.0015420129284774422,tracking,0.37892915768855734,0.0015420129284774422,tracking,0.3014412137617535,0,0,0
144,1.440000000000001,1.3051972389221191,1.8724087476730347,-0.0015798439271748066,0.37574031949043274,0.37892915768855734,0.0015420129284774422,tracking,0.37892915768855734,0.0015420129284774422,tracking,0.30519786121779147,0,0,0
145,1.450000000000001,1.308955430984497,1.8724030256271362,-0.0013942115474492311,0.37589195370674133,0.37892915768855734,0.0015420129284774422,tracking,0.37892915768855734,0.0015420129284774422,tracking,0.3089560576362254,0,0,0
146,1.460000000000001,1.3127151727676392,1.8723982572555542,-0.0012085279449820518,0.3760518729686737,0.3792553224204355,-0.0010723357145728243,tracking,0.3792553224204355,-0.0010723357145728243,tracking,0.31271580244316005,0,1,1
147,1.470000000000001,1.3164764642715454,1.8723934888839722,-0.0013943144585937262,0.3762041926383972,0.3792553224204355,-0.0010723357145728243,tracking,0.3792553224204355,-0.0010723357145728243,tracking,0.316477096969613,0,0,0
148,1.480000000000001,1.3202391862869263,1.8723877668380737,-0.0015801498666405678,0.3763492703437805,0.3792553224204355,-0.0010723357145728243,tracking,0.3792553224204355,-0.0010723357145728243,tracking,0.32023982333580564,0,0,0
149,1.490000000000001,1.3240033388137817,1.872381567955017,-0.0017660786397755146,0.37648746371269226,0.3792553224204355,-0.0010723357145728243,tracking,0.3792553224204355,-0.0010723357145728243,tracking,0.3240039809668811,0,0,0
150,1.500000000000001,1.3277689218521118,1.872374415397644,-0.0019520517671480775,0.3766190707683563,0.3792553224204355,-0.0010723357145728243,tracking,0.3792553224204355,-0.0010723357145728243,tracking,0.32776957079818725,0,0,0
151,1.5100000000000011,1.331535816192627,1.8723667860031128,-0.0021381189581006765,0.3767732083797455,0.3798605551689291,-0.00020080055674214382,tracking,0.3798605551689291,-0.00020080055674214382,tracking,0.3315364728649081,0,1,1
152,1.5200000000000011,1.3353042602539062,1.8723582029342651,-0.0023242358583956957,0.37692001461982727,0.3798605551689291,-0.00020080055674214382,tracking,0.3798605551689291,-0.00020080055674214382,tracking,0.3353049267006426,0,0,0
153,1.5300000000000011,1.3390741348266602,1.8723492622375488,-0.0025104470551013947,0.37705984711647034,0.3798605551689291,-0.00020080055674214382,tracking,0.3798605551689291,-0.00020080055674214382,tracking,0.3390748118753335,0,0,0
154,1.5400000000000011,1.3428454399108887,1.8723393678665161,-0.002696703188121319,0.37719303369522095,0.3798605551689291,-0.00020080055674214382,tracking,0.3798605551689291,-0.00020080055674214382,tracking,0.3428461299389428,0,0,0
155,1.5500000000000012,1.3466179370880127,1.8723289966583252,-0.0028830450028181076,0.377319872379303,0.3798605551689291,-0.00020080055674214382,tracking,0.3798605551689291,-0.00020080055674214382,tracking,0.3466186413721088,0,0,0
156,1.5600000000000012,1.3503915071487427,1.8723176717758179,-0.003069419413805008,0.37739118933677673,0.3788199970750169,0.0016992042119756672,tracking,0.3788199970750169,0.0016992042119756672,tracking,0.35039222842638507,0,1,1
157,1.5700000000000012,1.35416579246521,1.8723063468933105,-0.002882999135181308,0.3774591386318207,0.3788199970750169,0.0016992042119756672,tracking,0.3788199970750169,0.0016992042119756672,tracking,0.3541665307331783,0,0,0
158,1.5800000000000012,1.357940673828125,1.8722959756851196,-0.002696557203307748,0.37752383947372437,0.3788199970750169,0.0016992042119756672,tracking,0.3788199970750169,0.0016992042119756672,tracking,0.3579414263431313,0,0,0
159,1.5900000000000012,1.3617161512374878,1.872286081314087,-0.002510073594748974,0.3775854706764221,0.3788199970750169,0.0016992042119756672,tracking,0.3788199970750169,0.0016992042119756672,tracking,0.3617169167175313,0,0,0
160,1.6000000000000012,1.365492343902588,1.872277021408081,-0.0023235701955854893,0.3776441812515259,0.3788199970750169,0.0016992042119756672,tracking,0.3788199970750169,0.0016992042119756672,tracking,0.3654931202509565,0,0,0
161,1.6100000000000012,1.3692691326141357,1.8722684383392334,-0.002137020928785205,0.3777245879173279,0.37933543197555847,0.0009569779551957857,tracking,0.37933543197555847,0.0009569779551957857,tracking,0.36926991871536335,0,1,1
162,1.6200000000000012,1.3730467557907104,1.8722608089447021,-0.001950445817783475,0.37780117988586426,0.37933543197555847,0.0009569779551957857,tracking,0.37933543197555847,0.0009569779551957857,tracking,0.3730475495962006,0,0,0
163,1.6300000000000012,1.3768250942230225,1.872253656387329,-0.0017638214631006122,0.37787413597106934,0.37933543197555847,0.0009569779551957857,tracking,0.37933543197555847,0.0009569779551957857,tracking,0.37682589479855616,0,0,0
164,1.6400000000000012,1.3806041479110718,1.8722474575042725,-0.0015771737089380622,0.37794363498687744,0.37933543197555847,0.0009569779551957857,tracking,0.37933543197555847,0.0009569779551957857,tracking,0.38060495357069907,0,0,0
165,1.6500000000000012,1.3843839168548584,1.872241735458374,-0.0013904812512919307,0.3780098259449005,0.37933543197555847,0.0009569779551957857,tracking,0.37933543197555847,0.0009569779551957857,tracking,0.3843847268456751,0,0,0
166,1.6600000000000013,1.3881642818450928,1.872236967086792,-0.0012037698179483414,0.3780587911605835,0.3790392887490303,-0.0013834242013963738,tracking,0.3790392887490303,-0.0013834242013963738,tracking,0.3881650948432062,0,1,1
167,1.6700000000000013,1.3919451236724854,1.87223219871521,-0.0013905127998441458,0.37810540199279785,0.3790392887490303,-0.0013834242013963738,tracking,0.3790392887490303,-0.0013834242013963738,tracking,0.39194593967751623,0,0,0
168,1.6800000000000013,1.3957264423370361,1.8722264766693115,-0.001577270682901144,0.3781498074531555,0.3790392887490303,-0.0013834242013963738,tracking,0.3790392887490303,-0.0013834242013963738,tracking,0.39572726267148134,0,0,0
169,1.6900000000000013,1.3995081186294556,1.8722202777862549,-0.0017640572041273117,0.37819209694862366,0.3790392887490303,-0.0013834242013963738,tracking,0.3790392887490303,-0.0013834242013963738,tracking,0.3995089440444685,0,0,0
170,1.7000000000000013,1.4032902717590332,1.8722131252288818,-0.0019508572295308113,0.3782323896884918,0.3790392887490303,-0.0013834242013963738,tracking,0.3790392887490303,-0.0013834242013963738,tracking,0.40329110393726136,0,0,0
171,1.7100000000000013,1.407072901725769,1.8722059726715088,-0.0017640228616073728,0.3782963752746582,0.37957772685565644,0.0006080733278547284,tracking,0.37957772685565644,0.0006080733278547284,tracking,0.4070737406663599,0,1,1
172,1.7200000000000013,1.4108561277389526,1.8721997737884521,-0.0015771678881719708,0.37835729122161865,0.37957772685565644,0.0006080733278547284,tracking,0.37957772685565644,0.0006080733278547284,tracking,0.4108569717580301,0,0,0
173,1.7300000000000013,1.414639949798584,1.8721940517425537,-0.001390273799188435,0.3784153163433075,0.37957772685565644,0.0006080733278547284,tracking,0.37957772685565644,0.0006080733278547284,tracking,0.41464079814421145,0,0,0
174,1.7400000000000013,1.418424367904663,1.8721892833709717,-0.001203361083753407,0.37847059965133667,0.37957772685565644,0.0006080733278547284,tracking,0.37957772685565644,0.0006080733278547284,tracking,0.4184252192543665,0,0,0
175,1.7500000000000013,1.42220938205719,1.8721849918365479,-0.0010164128616452217,0.37852323055267334,0.37957772685565644,0.0006080733278547284,tracking,0.37957772685565644,0.0006080733278547284,tracking,0.4222102358398118,0,0,0
176,1.7600000000000013,1.4259947538375854,1.8721816539764404,-0.0008294524159282446,0.3785445988178253,0.37897255894463466,-0.0014795151197260926,tracking,0.37897255894463466,-0.0014795151197260926,tracking,0.425995609091834,0,1,1
177,1.7700000000000014,1.4297802448272705,1.872178316116333,-0.0010164267150685191,0.3785649538040161,0.37897255894463466,-0.0014795151197260926,tracking,0.37897255894463466,-0.0014795151197260926,tracking,0.42978110155309934,0,0,0
178,1.7800000000000014,1.4335659742355347,1.8721740245819092,-0.001203407533466816,0.3785843253135681,0.37897255894463466,-0.0014795151197260926,tracking,0.37897255894463466,-0.0014795151197260926,tracking,0.43356683339382235,0,0,0
179,1.7900000000000014,1.437351942062378,1.8721692562103271,-0.0013904008083045483,0.3786027729511261,0.37897255894463466,-0.0014795151197260926,tracking,0.37897255894463466,-0.0014795151197260926,tracking,0.43735280422351186,0,0,0
180,1.8000000000000014,1.4411380290985107,1.8721635341644287,-0.0015774000203236938,0.37862035632133484,0.37897255894463466,-0.0014795151197260926,tracking,0.37897255894463466,-0.0014795151197260926,tracking,0.44113889558360636,0,0,0
181,1.8100000000000014,1.4449244737625122,1.8721578121185303,-0.0013903757790103555,0.3786790370941162,0.37985454289181014,0.00020945823579339353,tracking,0.37985454289181014,0.00020945823579339353,tracking,0.4449253445711611,0,1,1
182,1.8200000000000014,1.4487115144729614,1.8721530437469482,-0.0012033326784148812,0.3787349462509155,0.37985454289181014,0.00020945823579339353,tracking,0.37985454289181014,0.00020945823579339353,tracking,0.4487123882836059,0,0,0
183,1.8300000000000014,1.4524991512298584,1.8721487522125244,-0.0010162536054849625,0.37878817319869995,0.37985454289181014,0.00020945823579339353,tracking,0.37985454289181014,0.00020945823579339353,tracking,0.45250002747173673,0,0,0
184,1.8400000000000014,1.4562872648239136,1.872145414352417,-0.000829157477710396,0.3788388669490814,0.37985454289181014,0.00020945823579339353,tracking,0.37985454289181014,0.00020945823579339353,tracking,0.4562881425363534,0,0,0
185,1.8500000000000014,1.460075855255127,1.8721425533294678,-0.0006420287536457181,0.3788871765136719,0.37985454289181014,0.00020945823579339353,tracking,0.37985454289181014,0.00020945823579339353,tracking,0.4600767340478434,0,0,0
186,1.8600000000000014,1.4638642072677612,1.872140645980835,-0.0004549080040305853,0.37879031896591187,0.3783780066023783,-0.0023356704925752356,tracking,0.3783780066023783,-0.0023356704925752356,tracking,0.46386508654063086,0,1,1
187,1.8700000000000014,1.4676517248153687,1.8721387386322021,-0.0006419710698537529,0.37871190905570984,0.3783780066023783,-0.0023356704925752356,tracking,0.3783780066023783,-0.0023356704925752356,tracking,0.4676526045684973,0,0,0
188,1.8800000000000014,1.4714385271072388,1.872135877609253,-0.0008290107944048941,0.37864840030670166,0.3783780066023783,-0.0023356704925752356,tracking,0.3783780066023783,-0.0023356704925752356,tracking,0.4714394079411541,0,0,0
189,1.8900000000000015,1.4752247333526611,1.8721325397491455,-0.0010160126257687807,0.3785969614982605,0.3783780066023783,-0.0023356704925752356,tracking,0.3783780066023783,-0.0023356704925752356,tracking,0.47522561565787874,0,0,0
190,1.9000000000000015,1.4790104627609253,1.8721282482147217,-0.001202999148517847,0.3785553276538849,0.3783780066023783,-0.0023356704925752356,tracking,0.3783780066023783,-0.0023356704925752356,tracking,0.47901134749860175,0,0,0
191,1.9100000000000015,1.4827960729599,1.8721234798431396,-0.0013899779878556728,0.3785734176635742,0.3789356591037758,-0.0015326508905628548,tracking,0.3789356591037758,-0.0015326508905628548,tracking,0.48279696070070627,0,1,1
192,1.9200000000000015,1.4865819215774536,1.8721177577972412,-0.00157696264795959,0.3785906434059143,0.3789356591037758,-0.0015326508905628548,tracking,0.3789356591037758,-0.0015326508905628548,tracking,0.48658281364249395,0,0,0
193,1.9300000000000015,1.4903678894042969,1.8721115589141846,-0.0017639583675190806,0.37860703468322754,0.3789356591037758,-0.0015326508905628548,tracking,0.3789356591037758,-0.0015326508905628548,tracking,0.49036878654414595,0,0,0
194,1.9400000000000015,1.4941539764404297,1.8721044063568115,-0.0019509593257680535,0.3786226511001587,0.3789356591037758,-0.0015326508905628548,tracking,0.3789356591037758,-0.0015326508905628548,tracking,0.4941548803364667,0,0,0
195,1.9500000000000015,1.4979403018951416,1.8720967769622803,-0.0021379704121500254,0.37863752245903015,0.3789356591037758,-0.0015326508905628548,tracking,0.3789356591037758,-0.0015326508905628548,tracking,0.4979412134777342,0,0,0
196,1.9600000000000015,1.501726746559143,1.8720881938934326,-0.002324986970052123,0.3786562383174896,0.37903140581497163,0.001394775626440828,tracking,0.37903140581497163,0.001394775626440828,tracking,0.5017276678697236,0,1,1
197,1.9700000000000015,1.5055134296417236,1.872079610824585,-0.002137958537787199,0.37867408990859985,0.37903140581497163,0.001394775626440828,tracking,0.37903140581497163,0.001394775626440828,tracking,0.5055143606796796,0,0,0
198,1.9800000000000015,1.5093002319335938,1.8720719814300537,-0.0019509242847561836,0.37869107723236084,0.37903140581497163,0.001394775626440828,tracking,0.37903140581497163,0.001394775626440828,tracking,0.5093011706571373,0,0,0
199,1.9900000000000015,1.513087272644043,1.8720648288726807,-0.0017638790886849165,0.37870725989341736,0.37903140581497163,0.001394775626440828,tracking,0.37903140581497163,0.001394775626440828,tracking,0.5130882181220732,0,0,0
200,2.0000000000000013,1.5168744325637817,1.872058629989624,-0.001576828770339489,0.3787226676940918,0.37903140581497163,0.001394775626440828,tracking,0.37903140581497163,0.001394775626440828,tracking,0.5168753831150233,0,0,0
201,2.010000000000001,1.5206619501113892,1.8720529079437256,-0.0013897570315748453,0.3787720203399658,0.3797603114051655,0.00034515157656173946,tracking,0.3797603114051655,0.00034515157656173946,tracking,0.5206629049849594,0,1,1
202,2.020000000000001,1.5244499444961548,1.8720481395721436,-0.0012026694603264332,0.3788190186023712,0.3797603114051655,0.00034515157656173946,tracking,0.3797603114051655,0.00034515157656173946,tracking,0.5244509023709647,0,0,0
203,2.0300000000000007,1.528238296508789,1.8720438480377197,-0.0010155517375096679,0.37886378169059753,0.3797603114051655,0.00034515157656173946,tracking,0.3797603114051655,0.00034515157656173946,tracking,0.5282392568143739,0,0,0
204,2.0400000000000005,1.5320271253585815,1.8720405101776123,-0.000828419579192996,0.37890639901161194,0.3797603114051655,0.00034515157656173946,tracking,0.3797603114051655,0.00034515157656173946,tracking,0.5320280871344503,0,0,0
205,2.0500000000000003,1.5358164310455322,1.872037649154663,-0.0006412600050680339,0.378946989774704,0.3797603114051655,0.00034515157656173946,tracking,0.3797603114051655,0.00034515157656173946,tracking,0.5358173939014736,0,0,0
206,2.06,1.5396053791046143,1.8720357418060303,-0.00045411186874844134,0.37883713841438293,0.3783693590004519,-0.002348123039349282,tracking,0.3783693590004519,-0.002348123039349282,tracking,0.5396063424406333,0,1,1
207,2.07,1.5433932542800903,1.8720338344573975,-0.0006411946378648281,0.37874817848205566,0.3783693590004519,-0.002348123039349282,tracking,0.3783693590004519,-0.002348123039349282,tracking,0.543394218096323,0,0,0
208,2.0799999999999996,1.547180414199829,1.8720309734344482,-0.0008282508351840079,0.3786761164665222,0.3783693590004519,-0.002348123039349282,tracking,0.3783693590004519,-0.002348123039349282,tracking,0.5471813790967465,0,0,0
209,2.0899999999999994,1.5509668588638306,1.8720276355743408,-0.0010152640752494335,0.3786177635192871,0.3783693590004519,-0.002348123039349282,tracking,0.3783693590004519,-0.002348123039349282,tracking,0.5509678252319576,0,0,0
210,2.099999999999999,1.5547528266906738,1.872023344039917,-0.001202259911224246,0.3785705268383026,0.3783693590004519,-0.002348123039349282,tracking,0.3783693590004519,-0.002348123039349282,tracking,0.5547537954911066,0,0,0
211,2.109999999999999,1.5585386753082275,1.872018575668335,-0.001389252720400691,0.37860849499702454,0.3793689091162749,-0.0009087708725641734,tracking,0.3793689091162749,-0.0009087708725641734,tracking,0.5585396471116011,0,1,1
212,2.1199999999999988,1.56232488155365,1.8720128536224365,-0.0015762577531859279,0.3786446452140808,0.3793689091162749,-0.0009087708725641734,tracking,0.3793689091162749,-0.0009087708725641734,tracking,0.562325857680849,0,0,0
213,2.1299999999999986,1.566111445426941,1.8720066547393799,-0.00176328606903553,0.378679096698761,0.3793689091162749,-0.0009087708725641734,tracking,0.3793689091162749,-0.0009087708725641734,tracking,0.5661124266281499,0,0,0
214,2.1399999999999983,1.5698983669281006,1.8719995021820068,-0.0019503254443407059,0.37871190905570984,0.3793689091162749,-0.0009087708725641734,tracking,0.3793689091162749,-0.0009087708725641734,tracking,0.5698993548840088,0,0,0
215,2.149999999999998,1.573685646057129,1.8719918727874756,-0.002137386007234454,0.37874314188957214,0.3793689091162749,-0.0009087708725641734,tracking,0.3793689091162749,-0.0009087708725641734,tracking,0.5736866416976572,0,0,0
216,2.159999999999998,1.5774731636047363,1.871983289718628,-0.002324456349015236,0.3787720799446106,0.37935176151852446,0.0009334634133248108,tracking,0.37935176151852446,0.0009334634133248108,tracking,0.5774741689704969,0,1,1
217,2.1699999999999977,1.5812610387802124,1.8719747066497803,-0.002137367380782962,0.3787996470928192,0.37935176151852446,0.0009334634133248108,tracking,0.37935176151852446,0.0009334634133248108,tracking,0.5812620538702871,0,0,0
218,2.1799999999999975,1.5850491523742676,1.871967077255249,-0.001950269564986229,0.3788259029388428,0.37935176151852446,0.0009334634133248108,tracking,0.37935176151852446,0.0009334634133248108,tracking,0.5850501751472694,0,0,0
219,2.1899999999999973,1.5888375043869019,1.871959924697876,-0.0017631548689678311,0.37885090708732605,0.37935176151852446,0.0009334634133248108,tracking,0.37935176151852446,0.0009334634133248108,tracking,0.5888385339120523,0,0,0
220,2.199999999999997,1.5926260948181152,1.8719537258148193,-0.0015760321402922273,0.3788747191429138,0.37935176151852446,0.0009334634133248108,tracking,0.37935176151852446,0.0009334634133248108,tracking,0.5926271294145615,0,0,0
221,2.209999999999997,1.5964150428771973,1.8719475269317627,-0.00176317582372576,0.37891459465026855,0.37971339335176346,-0.00041271357346064647,tracking,0.37971339335176346,-0.00041271357346064647,tracking,0.5964160825444607,0,1,1
222,2.2199999999999966,1.600204348564148,1.8719403743743896,-0.0019503323128446937,0.3789525628089905,0.37971339335176346,-0.00041271357346064647,tracking,0.37971339335176346,-0.00041271357346064647,tracking,0.6002053949818605,0,0,0
223,2.2299999999999964,1.6039940118789673,1.8719327449798584,-0.002137513365596533,0.37898874282836914,0.37971339335176346,-0.00041271357346064647,tracking,0.37971339335176346,-0.00041271357346064647,tracking,0.6039950659764652,0,0,0
224,2.239999999999996,1.6077840328216553,1.8719241619110107,-0.002324705943465233,0.3790231943130493,0.37971339335176346,-0.00041271357346064647,tracking,0.37971339335176346,-0.00041271357346064647,tracking,0.6077850966379619,0,0,0
225,2.249999999999996,1.611574411392212,1.8719151020050049,-0.00251192064024508,0.37905600666999817,0.37971339335176346,-0.00041271357346064647,tracking,0.37971339335176346,-0.00041271357346064647,tracking,0.6115754860361678,0,0,0
226,2.259999999999996,1.6153641939163208,1.8719050884246826,-0.0026991141494363546,0.3788939118385315,0.3782037629994866,0.002586581280739287,tracking,0.3782037629994866,0.002586581280739287,tracking,0.6153652817894812,0,1,1
227,2.2699999999999956,1.6191524267196655,1.8718950748443604,-0.0025120172649621964,0.3787626326084137,0.3782037629994866,0.002586581280739287,tracking,0.3782037629994866,0.002586581280739287,tracking,0.6191535278274424,0,0,0
228,2.2799999999999954,1.6229394674301147,1.8718860149383545,-0.002324959496036172,0.3786563277244568,0.3782037629994866,0.002586581280739287,tracking,0.3782037629994866,0.002586581280739287,tracking,0.6229405793750842,0,0,0
229,2.289999999999995,1.6267255544662476,1.8718774318695068,-0.0021379650570452213,0.3785702586174011,0.3782037629994866,0.002586581280739287,tracking,0.3782037629994866,0.002586581280739287,tracking,0.6267266761401239,0,0,0
230,2.299999999999995,1.630510926246643,1.8718698024749756,-0.0019509963458403945,0.3785005509853363,0.3782037629994866,0.002586581280739287,tracking,0.3782037629994866,0.002586581280739287,tracking,0.6305120556090115,0,0,0
231,2.3099999999999947,1.6342960596084595,1.8718626499176025,-0.0017640383448451757,0.3785379230976105,0.3792864983401658,0.0010274423901612418,tracking,0.3792864983401658,0.0010274423901612418,tracking,0.6342971957287181,0,1,1
232,2.3199999999999945,1.638081669807434,1.871856451034546,-0.001577068236656487,0.3785735070705414,0.3792864983401658,0.0010274423901612418,tracking,0.3792864983401658,0.0010274423901612418,tracking,0.6380828110029809,0,0,0
233,2.3299999999999943,1.6418675184249878,1.8718507289886475,-0.0013900753110647202,0.3786074221134186,0.3792864983401658,0.0010274423901612418,tracking,0.3792864983401658,0.0010274423901612418,tracking,0.6418686639447686,0,0,0
234,2.339999999999994,1.6456537246704102,1.8718459606170654,-0.0012030714424327016,0.37863969802856445,0.3792864983401658,0.0010274423901612418,tracking,0.3792864983401658,0.0010274423901612418,tracking,0.6456548731928481,0,0,0
235,2.349999999999994,1.6494402885437012,1.8718416690826416,-0.0010160468518733978,0.37867045402526855,0.3792864983401658,0.0010274423901612418,tracking,0.3792864983401658,0.0010274423901612418,tracking,0.6494414394980619,0,0,0
236,2.3599999999999937,1.6532270908355713,1.8718383312225342,-0.0008290125988423824,0.37869828939437866,0.37925560209077863,-0.0010719329892787764,tracking,0.37925560209077863,-0.0010719329892787764,tracking,0.6532282432610027,0,1,1
237,2.3699999999999934,1.65701425075531,1.8718349933624268,-0.0010160647798329592,0.3787247836589813,0.37925560209077863,-0.0010719329892787764,tracking,0.37925560209077863,-0.0010719329892787764,tracking,0.6570154046516733,0,0,0
238,2.3799999999999932,1.660801649093628,1.871830701828003,-0.0012031254591420293,0.3787500262260437,0.37925560209077863,-0.0010719329892787764,tracking,0.37925560209077863,-0.0010719329892787764,tracking,0.6608028054213781,0,0,0
239,2.389999999999993,1.664589285850525,1.871825933456421,-0.0013902023201808333,0.37877407670021057,0.37925560209077863,-0.0010719329892787764,tracking,0.37925560209077863,-0.0010719329892787764,tracking,0.6645904451797983,0,0,0
240,2.399999999999993,1.668377161026001,1.8718202114105225,-0.0015772869810461998,0.3787969648838043,0.37925560209077863,-0.0010719329892787764,tracking,0.37925560209077863,-0.0010719329892787764,tracking,0.6683783246771948,0,0,0
241,2.4099999999999926,1.6721652746200562,1.871814489364624,-0.0013901859056204557,0.3788242042064667,0.3793699507725526,0.0009072708875243049,tracking,0.3793699507725526,0.0009072708875243049,tracking,0.6721664425928985,0,1,1
242,2.4199999999999924,1.6759536266326904,1.871809720993042,-0.0012030760990455747,0.37885016202926636,0.3793699507725526,0.0009072708875243049,tracking,0.3793699507725526,0.0009072708875243049,tracking,0.6759547976064891,0,0,0
243,2.429999999999992,1.6797422170639038,1.8718054294586182,-0.0010159495286643505,0.37887486815452576,0.3793699507725526,0.0009072708875243049,tracking,0.3793699507725526,0.0009072708875243049,tracking,0.6797433904683244,0,0,0
244,2.439999999999992,1.6835310459136963,1.8718020915985107,-0.0008288150420412421,0.37889841198921204,0.3793699507725526,0.0009072708875243049,tracking,0.3793699507725526,0.0009072708875243049,tracking,0.6835322207884008,0,0,0
245,2.4499999999999917,1.6873201131820679,1.8717992305755615,-0.0006416654214262962,0.3789208233356476,0.3793699507725526,0.0009072708875243049,tracking,0.3793699507725526,0.0009072708875243049,tracking,0.687321289136913,0,0,0
246,2.4599999999999915,1.6911088228225708,1.8717973232269287,-0.0004545298870652914,0.37881287932395935,0.37835334721007824,-0.002371180017487349,tracking,0.37835334721007824,-0.002371180017487349,tracking,0.6911099992575238,0,1,1
247,2.4699999999999913,1.6948964595794678,1.871795415878296,-0.0006416011601686478,0.37872546911239624,0.37835334721007824,-0.002371180017487349,tracking,0.37835334721007824,-0.002371180017487349,tracking,0.6948976364946646,0,0,0
248,2.479999999999991,1.6986833810806274,1.8717925548553467,-0.0008286463562399149,0.37865468859672546,0.37835334721007824,-0.002371180017487349,tracking,0.37835334721007824,-0.002371180017487349,tracking,0.698684559076577,0,0,0
249,2.489999999999991,1.7024695873260498,1.8717892169952393,-0.0010156494099646807,0.3785973787307739,0.37835334721007824,-0.002371180017487349,tracking,0.37835334721007824,-0.002371180017487349,tracking,0.7024707667933017,0,0,0
250,2.4999999999999907,1.706255316734314,1.8717849254608154,-0.0012026353506371379,0.3785509765148163,0.37835334721007824,-0.002371180017487349,tracking,0.37835334721007824,-0.002371180017487349,tracking,0.7062564986340246,0,0,0
251,2.5099999999999905,1.7100410461425781,1.8717801570892334,-0.001389617333188653,0.3785853981971741,0.3792746529202373,-0.001044499794858249,tracking,0.3792746529202373,-0.001044499794858249,tracking,0.7100422310453242,0,1,0
252,2.5199999999999902,1.7138270139694214,1.871774435043335,-0.0015766103751957417,0.37861818075180054,0.3792746529202373,-0.001044499794858249,tracking,0.3792746529202373,-0.001044499794858249,tracking,0.7138282031962653,0,0,0
253,2.52999999999999,1.7176133394241333,1.8717682361602783,-0.001763624488376081,0.37864938378334045,0.3792746529202373,-0.001044499794858249,tracking,0.3792746529202373,-0.001044499794858249,tracking,0.7176145337253066,0,0,0
254,2.53999999999999,1.7214000225067139,1.8717610836029053,-0.0019506486132740974,0.3786791265010834,0.3792746529202373,-0.001044499794858249,tracking,0.3792746529202373,-0.001044499794858249,tracking,0.7214012235630116,0,0,0
255,2.5499999999999896,1.7251869440078735,1.871753454208374,-0.0021376919467002153,0.3787074387073517,0.3792746529202373,-0.001044499794858249,tracking,0.3792746529202373,-0.001044499794858249,tracking,0.725188152749517,0,0,0
256,2.5599999999999894,1.7289741039276123,1.8717448711395264,-0.0023247443605214357,0.37873440980911255,0.37873855372177645,0.0018164826406419018,tracking,0.3792746529202373,-0.001044499794858249,tracking,0.7289753223954064,0,1,0
257,2.569999999999989,1.7327616214752197,1.8717358112335205,-0.0025118140038102865,0.37876009941101074,0.37873855372177645,0.0018164826406419018,tracking,0.3792746529202373,-0.001044499794858249,tracking,0.7327628507788421,0,0,0
258,2.579999999999989,1.7365493774414062,1.8717257976531982,-0.002698892029002309,0.37878456711769104,0.37873855372177645,0.0018164826406419018,tracking,0.3792746529202373,-0.001044499794858249,tracking,0.736550619981311,0,0,0
259,2.5899999999999888,1.7403373718261719,1.8717153072357178,-0.002885985653847456,0.3788078725337982,0.37873855372177645,0.0018164826406419018,tracking,0.3792746529202373,-0.001044499794858249,tracking,0.7403386288920548,0,0,0
260,2.5999999999999885,1.744125485420227,1.871703863143921,-0.0030730869621038437,0.37883007526397705,0.37873855372177645,0.0018164826406419018,tracking,0.3792746529202373,-0.001044499794858249,tracking,0.7441267597726743,0,0,0
261,2.6099999999999883,1.7479138374328613,1.8716919422149658,-0.0032602024730294943,0.3788512051105499,0.3771489530007539,0.0041055076789143705,tracking,0.3792746529202373,-0.001044499794858249,tracking,0.7479151305412471,0,1,0
262,2.619999999999988,1.7517024278640747,1.8716790676116943,-0.003447324736043811,0.378871351480484,0.3771489530007539,0.0041055076789143705,tracking,0.3792746529202373,-0.001044499794858249,tracking,0.7517037428480016,0,0,0
263,2.629999999999988,1.7554912567138672,1.8716657161712646,-0.003634460037574172,0.3788905143737793,0.3771489530007539,0.0041055076789143705,tracking,0.3792746529202373,-0.001044499794858249,tracking,0.7554925952222676,0,0,0
264,2.6399999999999877,1.7592802047729492,1.871651530265808,-0.003821601392701268,0.37890878319740295,0.3771489530007539,0.0041055076789143705,tracking,0.3792746529202373,-0.001044499794858249,tracking,0.7592815698374287,0,0,0
265,2.6499999999999875,1.7630693912506104,1.8716368675231934,-0.004008754622191191,0.37892618775367737,0.3771489530007539,0.0041055076789143705,tracking,0.3792746529202373,-0.001044499794858249,tracking,0.7630707846846643,0,0,0
266,2.6599999999999873,1.766858696937561,1.8716212511062622,-0.004195913206785917,0.3789427578449249,0.37602982309227767,0.005717054747120179,tracking,0.3792746529202373,-0.001044499794858249,tracking,0.7668601225505235,0,1,0
267,2.669999999999987,1.7706481218338013,1.8716051578521729,-0.004383082501590252,0.3789585530757904,0.37602982309227767,0.005717054747120179,tracking,0.3792746529202373,-0.001044499794858249,tracking,0.7706495816197143,0,0,0
268,2.679999999999987,1.7744377851486206,1.871588110923767,-0.004570256918668747,0.3789735734462738,0.37602982309227767,0.005717054747120179,tracking,0.3792746529202373,-0.001044499794858249,tracking,0.7744392832751821,0,0,0
269,2.6899999999999866,1.7782275676727295,1.8715705871582031,-0.0047574411146342754,0.3789878785610199,0.37602982309227767,0.005717054747120179,tracking,0.3792746529202373,-0.001044499794858249,tracking,0.7782291063135838,0,0,0
270,2.6999999999999864,1.782017469406128,1.8715521097183228,-0.004944629967212677,0.37900152802467346,0.37602982309227767,0.005717054747120179,tracking,0.3792746529202373,-0.001044499794858249,tracking,0.7820190530895427,0,0,0
271,2.709999999999986,1.7857924699783325,1.8715333938598633,-0.004944629967212677,0.3760102689266205,0.37466472381218124,0.007682797710459023,tracking,0.3632746529202373,0.0,request_watchdog_timeout,0.7857941000566019,0,1,0
272,2.719999999999986,1.7895251512527466,1.871514916419983,-0.004944629967212677,0.37054476141929626,0.37466472381218124,0.007682797710459023,tracking,0.3472746529202373,0.0,request_watchdog_timeout,0.7895268270640518,0,0,0
273,2.7299999999999858,1.7931932210922241,1.8714967966079712,-0.004944629967212677,0.3630755841732025,0.37466472381218124,0.007682797710459023,tracking,0.3312746529202373,0.0,request_watchdog_timeout,0.793194941658073,0,0,0
274,2.7399999999999856,1.7967784404754639,1.8714790344238281,-0.004944629967212677,0.3539838492870331,0.37466472381218124,0.007682797710459023,tracking,0.31527465292023726,0.0,request_watchdog_timeout,0.7967802050404682,0,0,0
275,2.7499999999999853,1.8002662658691406,1.8714617490768433,-0.004944629967212677,0.34357815980911255,0.37466472381218124,0.007682797710459023,tracking,0.29927465292023725,0.0,request_watchdog_timeout,0.8002680732661895,0,0,0
276,2.759999999999985,1.8036446571350098,1.8714450597763062,-0.004944629967212677,0.33210843801498413,0.3743814553999478,0.008090704224075106,tracking,0.28327465292023724,0.0,request_watchdog_timeout,0.8036465057544973,0,1,0
277,2.769999999999985,1.8069040775299072,1.8714289665222168,-0.004944629967212677,0.3197770416736603,0.3743814553999478,0.008090704224075106,tracking,0.2672746529202372,0.0,request_watchdog_timeout,0.8069059658790425,0,0,0
278,2.7799999999999847,1.8100366592407227,1.8714134693145752,-0.004944629967212677,0.3067478835582733,0.3743814553999478,0.008090704224075106,tracking,0.2512746529202372,0.0,request_watchdog_timeout,0.8100385859227727,0,0,0
279,2.7899999999999845,1.8130360841751099,1.871398687362671,-0.004944629967212677,0.29315367341041565,0.3743814553999478,0.008090704224075106,tracking,0.2352746529202372,0.0,request_watchdog_timeout,0.8130380472816046,0,0,0
280,2.7999999999999843,1.8158973455429077,1.8713845014572144,-0.004944629967212677,0.2791018784046173,0.3743814553999478,0.008090704224075106,tracking,0.21927465292023718,0.0,request_watchdog_timeout,0.8158993438154797,0,0,0
281,2.809999999999984,1.818616271018982,1.8713710308074951,-0.004944629967212677,0.26467955112457275,0.37446744870278237,0.007966873867993383,tracking,0.20327465292023716,0.0,request_watchdog_timeout,0.8186183026608559,0,1,0
282,2.819999999999984,1.8211894035339355,1.8713582754135132,-0.004944629967212677,0.2499571442604065,0.37446744870278237,0.007966873867993383,tracking,0.18727465292023715,0.0,request_watchdog_timeout,0.8211914667907915,0,0,0
283,2.8299999999999836,1.8236141204833984,1.8713462352752686,-0.004944629967212677,0.23499172925949097,0.37446744870278237,0.007966873867993383,tracking,0.17127465292023714,0.0,request_watchdog_timeout,0.8236162136332353,0,0,0
284,2.8399999999999834,1.8258881568908691,1.8713350296020508,-0.004944629967212677,0.21982954442501068,0.37446744870278237,0.007966873867993383,tracking,0.15527465292023712,0.0,request_watchdog_timeout,0.8258902776493999,0,0,0
285,2.849999999999983,1.828009843826294,1.8713245391845703,-0.004944629967212677,0.2045080065727234,0.37446744870278237,0.007966873867993383,tracking,0.1392746529202371,0.0,request_watchdog_timeout,0.8280119905189492,0,0,0
286,2.859999999999983,1.8299776315689087,1.8713147640228271,-0.004944629967212677,0.18905742466449738,0.3744321013901645,0.008017773998163169,tracking,0.12327465292023711,0.0,request_watchdog_timeout,0.8299798025409096,0,1,0
287,2.869999999999983,1.8317904472351074,1.8713058233261108,-0.004944629967212677,0.1735023409128189,0.3744321013901645,0.008017773998163169,tracking,0.1072746529202371,0.0,request_watchdog_timeout,0.8317926402544608,0,0,0
288,2.8799999999999826,1.8334472179412842,1.8712975978851318,-0.004944629967212677,0.15786263346672058,0.3744321013901645,0.008017773998163169,tracking,0.0912746529202371,0.0,request_watchdog_timeout,0.8334494313791125,0,0,0
289,2.8899999999999824,1.8349472284317017,1.8712902069091797,-0.004944629967212677,0.14215439558029175,0.3744321013901645,0.008017773998163169,tracking,0.0752746529202371,0.0,request_watchdog_timeout,0.834949460078134,0,0,0
290,2.899999999999982,1.836289882659912,1.8712835311889648,-0.004944629967212677,0.12639066576957703,0.3744321013901645,0.008017773998163169,tracking,0.059274652920237106,0.0,request_watchdog_timeout,0.8362921309021902,0,0,0
291,2.909999999999982,1.8374747037887573,1.8712776899337769,-0.004944629967212677,0.11058200150728226,0.3751279223289726,0.007015791846279481,tracking,0.043274652920237106,0.0,request_watchdog_timeout,0.8374769664298565,0,1,0
292,2.9199999999999817,1.8385013341903687,1.8712725639343262,-0.004944629967212677,0.09473694115877151,0.3751279223289726,0.007015791846279481,tracking,0.027274652920237105,0.0,request_watchdog_timeout,0.8385036096285302,0,0,0
293,2.9299999999999815,1.839369297027588,1.8712682723999023,-0.004944629967212677,0.07886241376399994,0.3751279223289726,0.007015791846279481,tracking,0.011274652920237105,0.0,request_watchdog_timeout,0.839371583075164,0,0,0
294,2.9399999999999813,1.8400828838348389,1.8712646961212158,-0.004944629967212677,0.06386278569698334,0.3751279223289726,0.007015791846279481,tracking,0.0,0.0,request_watchdog_timeout,0.8400851788439658,0,0,0
295,2.949999999999981,1.840660810470581,1.8712618350982666,-0.004944629967212677,0.05171608552336693,0.3751279223289726,0.007015791846279481,tracking,0.0,0.0,request_watchdog_timeout,0.8406631125614046,0,0,0
296,2.959999999999981,1.8411288261413574,1.8712595701217651,-0.004944629967212677,0.04187968745827675,0.3745194485536859,0.00789199408269228,tracking,0.0,0.0,request_watchdog_timeout,0.8411311337128612,0,1,0
297,2.9699999999999807,1.8415077924728394,1.8712576627731323,-0.004944629967212677,0.033914171159267426,0.3745194485536859,0.00789199408269228,tracking,0.0,0.0,request_watchdog_timeout,0.8415101048441834,0,0,0
298,2.9799999999999804,1.841814637184143,1.8712561130523682,-0.004944629967212677,0.027463695034384727,0.3745194485536859,0.00789199408269228,tracking,0.0,0.0,request_watchdog_timeout,0.8418169534688985,0,0,0
299,2.9899999999999802,1.8420631885528564,1.8712549209594727,-0.004944629967212677,0.02224010042846203,0.3745194485536859,0.00789199408269228,tracking,0.0,0.0,request_watchdog_timeout,0.8420655076963314,0,0,0
300,2.99999999999998,1.8422644138336182,1.8712539672851562,-0.004944629967212677,0.018010033294558525,0.3745194485536859,0.00789199408269228,tracking,0.0,0.0,request_watchdog_timeout,0.8422667352369722,0,0,0
